Monthly mean sea levels with the average seasonal cycle removed.,,,,,,
The values are in meters relative to the most recent Mean Sea Level datum established by CO-OPS.,,,,,,
Column values are the Year; Month; Monthly Mean; Relative Sea Level Trend Line; Higher 95% Confidence Interval; and Lower 95% Confidence Interval.,,,,,,
Product of NOAAs National Ocean Service / Center for Operational Oceanographic Products and Services (CO-OPS),,,,,,
,,,,,,
Year, Month, Monthly_MSL, Linear_Trend, High_Conf., Low_Conf.,Time
1933,1,-0.049,0.04,0.054,0.026,1933.083333
1933,2,-0.11,0.04,0.054,0.026,1933.166667
1933,3,-0.034,0.04,0.054,0.026,1933.25
1933,4,0.013,0.04,0.054,0.026,1933.333333
1933,5,-0.009,0.04,0.054,0.026,1933.416667
1933,6,0.011,0.04,0.054,0.026,1933.5
1933,7,0.012,0.04,0.054,0.026,1933.583333
1933,8,0.001,0.04,0.054,0.026,1933.666667
1933,9,0.015,0.04,0.054,0.026,1933.75
1933,10,-0.036,0.04,0.053,0.026,1933.833333
1933,11,-0.086,0.039,0.053,0.026,1933.916667
1933,12,0.054,0.039,0.053,0.025,1934
1934,1,-0.061,0.039,0.053,0.025,1934.083333
1934,2,0.045,0.039,0.053,0.025,1934.166667
1934,3,0.006,0.039,0.053,0.025,1934.25
1934,4,0.038,0.039,0.053,0.025,1934.333333
1934,5,0.079,0.039,0.053,0.025,1934.416667
1934,6,0.014,0.039,0.053,0.025,1934.5
1934,7,-0.009,0.039,0.053,0.025,1934.583333
1934,8,0.001,0.039,0.053,0.025,1934.666667
1934,9,0.024,0.039,0.053,0.025,1934.75
1934,10,0.016,0.039,0.052,0.025,1934.833333
1934,11,0.1,0.039,0.052,0.025,1934.916667
1934,12,-0.014,0.039,0.052,0.025,1935
1935,1,0.064,0.038,0.052,0.025,1935.083333
1935,2,0.036,0.038,0.052,0.025,1935.166667
1935,3,0.048,0.038,0.052,0.025,1935.25
1935,4,0.084,0.038,0.052,0.025,1935.333333
1935,5,-0.006,0.038,0.052,0.025,1935.416667
1935,6,0.001,0.038,0.052,0.025,1935.5
1935,7,0,0.038,0.052,0.025,1935.583333
1935,8,0.032,0.038,0.052,0.024,1935.666667
1935,9,0.018,0.038,0.051,0.024,1935.75
1935,10,0.046,0.038,0.051,0.024,1935.833333
1935,11,-0.031,0.038,0.051,0.024,1935.916667
1935,12,0.069,0.038,0.051,0.024,1936
1936,1,0,0.038,0.051,0.024,1936.083333
1936,2,0.14,0.038,0.051,0.024,1936.166667
1936,3,-0.077,0.038,0.051,0.024,1936.25
1936,4,0.01,0.037,0.051,0.024,1936.333333
1936,5,0.116,0.037,0.051,0.024,1936.416667
1936,6,0.108,0.037,0.051,0.024,1936.5
1936,7,0.034,0.037,0.051,0.024,1936.583333
1936,8,-0.002,0.037,0.051,0.024,1936.666667
1936,9,0.003,0.037,0.05,0.024,1936.75
1936,10,0.007,0.037,0.05,0.024,1936.833333
1936,11,-0.034,0.037,0.05,0.024,1936.916667
1936,12,-0.06,0.037,0.05,0.024,1937
1937,1,-0.119,0.037,0.05,0.024,1937.083333
1937,2,0.024,0.037,0.05,0.024,1937.166667
1937,3,0.073,0.037,0.05,0.024,1937.25
1937,4,-0.005,0.037,0.05,0.023,1937.333333
1937,5,0.025,0.037,0.05,0.023,1937.416667
1937,6,0.099,0.037,0.05,0.023,1937.5
1937,7,0.046,0.036,0.05,0.023,1937.583333
1937,8,-0.005,0.036,0.049,0.023,1937.666667
1937,9,0.006,0.036,0.049,0.023,1937.75
1937,10,0.049,0.036,0.049,0.023,1937.833333
1937,11,0.106,0.036,0.049,0.023,1937.916667
1937,12,0.057,0.036,0.049,0.023,1938
1938,1,0.024,0.036,0.049,0.023,1938.083333
1938,2,0.173,0.036,0.049,0.023,1938.166667
1938,3,0.149,0.036,0.049,0.023,1938.25
1938,4,0.056,0.036,0.049,0.023,1938.333333
1938,5,0.009,0.036,0.049,0.023,1938.416667
1938,6,0.011,0.036,0.049,0.023,1938.5
1938,7,0.055,0.036,0.049,0.023,1938.583333
1938,8,0.001,0.036,0.048,0.023,1938.666667
1938,9,0.012,0.035,0.048,0.023,1938.75
1938,10,0.037,0.035,0.048,0.023,1938.833333
1938,11,-0.077,0.035,0.048,0.023,1938.916667
1938,12,-0.082,0.035,0.048,0.023,1939
1939,1,-0.043,0.035,0.048,0.022,1939.083333
1939,2,-0.162,0.035,0.048,0.022,1939.166667
1939,3,-0.046,0.035,0.048,0.022,1939.25
1939,4,-0.011,0.035,0.048,0.022,1939.333333
1939,5,0.052,0.035,0.048,0.022,1939.416667
1939,6,-0.023,0.035,0.048,0.022,1939.5
1939,7,0,0.035,0.047,0.022,1939.583333
1939,8,0.044,0.035,0.047,0.022,1939.666667
1939,9,0.061,0.035,0.047,0.022,1939.75
1939,10,-0.009,0.035,0.047,0.022,1939.833333
1939,11,0.005,0.035,0.047,0.022,1939.916667
1939,12,0.057,0.034,0.047,0.022,1940
1940,1,0.167,0.034,0.047,0.022,1940.083333
1940,2,0.161,0.034,0.047,0.022,1940.166667
1940,3,0.106,0.034,0.047,0.022,1940.25
1940,4,0.026,0.034,0.047,0.022,1940.333333
1940,5,0.058,0.034,0.047,0.022,1940.416667
1940,6,0.007,0.034,0.047,0.022,1940.5
1940,7,0.012,0.034,0.046,0.022,1940.583333
1940,8,0.014,0.034,0.046,0.022,1940.666667
1940,9,0.067,0.034,0.046,0.021,1940.75
1940,10,0.086,0.034,0.046,0.021,1940.833333
1940,11,0.026,0.034,0.046,0.021,1940.916667
1940,12,0.197,0.034,0.046,0.021,1941
1941,1,0.174,0.034,0.046,0.021,1941.083333
1941,2,0.252,0.034,0.046,0.021,1941.166667
1941,3,0.219,0.033,0.046,0.021,1941.25
1941,4,0.123,0.033,0.046,0.021,1941.333333
1941,5,0.149,0.033,0.046,0.021,1941.416667
1941,6,0.059,0.033,0.045,0.021,1941.5
1941,7,0.073,0.033,0.045,0.021,1941.583333
1941,8,0.047,0.033,0.045,0.021,1941.666667
1941,9,0.045,0.033,0.045,0.021,1941.75
1941,10,0.052,0.033,0.045,0.021,1941.833333
1941,11,0.121,0.033,0.045,0.021,1941.916667
1941,12,0.169,0.033,0.045,0.021,1942
1942,1,0.113,0.033,0.045,0.021,1942.083333
1942,2,0.036,0.033,0.045,0.021,1942.166667
1942,3,-0.04,0.033,0.045,0.021,1942.25
1942,4,0.117,0.033,0.045,0.021,1942.333333
1942,5,0.07,0.032,0.045,0.02,1942.416667
1942,6,-0.008,0.032,0.044,0.02,1942.5
1942,7,0.034,0.032,0.044,0.02,1942.583333
1942,8,0.005,0.032,0.044,0.02,1942.666667
1942,9,-0.015,0.032,0.044,0.02,1942.75
1942,10,-0.015,0.032,0.044,0.02,1942.833333
1942,11,0.005,0.032,0.044,0.02,1942.916667
1942,12,0.005,0.032,0.044,0.02,1943
1943,1,-0.003,0.032,0.044,0.02,1943.083333
1943,2,0.042,0.032,0.044,0.02,1943.166667
1943,3,0.042,0.032,0.044,0.02,1943.25
1943,4,0.065,0.032,0.044,0.02,1943.333333
1943,5,-0.043,0.032,0.043,0.02,1943.416667
1943,6,0.068,0.032,0.043,0.02,1943.5
1943,7,0.024,0.032,0.043,0.02,1943.583333
1943,8,0.017,0.031,0.043,0.02,1943.666667
1943,9,0.091,0.031,0.043,0.02,1943.75
1943,10,0.043,0.031,0.043,0.02,1943.833333
1943,11,0.036,0.031,0.043,0.02,1943.916667
1943,12,0.047,0.031,0.043,0.02,1944
1944,1,-0.015,0.031,0.043,0.019,1944.083333
1944,2,0.039,0.031,0.043,0.019,1944.166667
1944,3,0.021,0.031,0.043,0.019,1944.25
1944,4,0.01,0.031,0.043,0.019,1944.333333
1944,5,0.061,0.031,0.042,0.019,1944.416667
1944,6,0.038,0.031,0.042,0.019,1944.5
1944,7,0.049,0.031,0.042,0.019,1944.583333
1944,8,-0.011,0.031,0.042,0.019,1944.666667
1944,9,0.027,0.031,0.042,0.019,1944.75
1944,10,0.01,0.031,0.042,0.019,1944.833333
1944,11,0.054,0.03,0.042,0.019,1944.916667
1944,12,0.035,0.03,0.042,0.019,1945
1945,1,-0.009,0.03,0.042,0.019,1945.083333
1945,2,-0.019,0.03,0.042,0.019,1945.166667
1945,3,0.015,0.03,0.042,0.019,1945.25
1945,4,-0.236,0.03,0.042,0.019,1945.333333
1945,5,0.073,0.03,0.041,0.019,1945.416667
1945,6,0.001,0.03,0.041,0.019,1945.5
1945,7,0.067,0.03,0.041,0.019,1945.583333
1945,8,0.02,0.03,0.041,0.019,1945.666667
1945,9,0.009,0.03,0.041,0.018,1945.75
1945,10,0.022,0.03,0.041,0.018,1945.833333
1945,11,0.136,0.03,0.041,0.018,1945.916667
1945,12,0.163,0.03,0.041,0.018,1946
1946,1,-0.022,0.029,0.041,0.018,1946.083333
1946,2,0.112,0.029,0.041,0.018,1946.166667
1946,3,0.018,0.029,0.041,0.018,1946.25
1946,4,0.056,0.029,0.04,0.018,1946.333333
1946,5,0.082,0.029,0.04,0.018,1946.416667
1946,6,0.041,0.029,0.04,0.018,1946.5
1946,7,0.018,0.029,0.04,0.018,1946.583333
1946,8,0.014,0.029,0.04,0.018,1946.666667
1946,9,0.039,0.029,0.04,0.018,1946.75
1946,10,0.022,0.029,0.04,0.018,1946.833333
1946,11,0.014,0.029,0.04,0.018,1946.916667
1946,12,0.032,0.029,0.04,0.018,1947
1947,1,-0.058,0.029,0.04,0.018,1947.083333
1947,2,0.06,0.029,0.04,0.018,1947.166667
1947,3,0.115,0.029,0.04,0.018,1947.25
1947,4,0.105,0.028,0.039,0.017,1947.333333
1947,5,0.067,0.028,0.039,0.017,1947.416667
1947,6,0.053,0.028,0.039,0.017,1947.5
1947,7,-0.027,0.028,0.039,0.017,1947.583333
1947,8,-0.008,0.028,0.039,0.017,1947.666667
1947,9,-0.009,0.028,0.039,0.017,1947.75
1947,10,0.019,0.028,0.039,0.017,1947.833333
1947,11,-0.019,0.028,0.039,0.017,1947.916667
1947,12,-0.011,0.028,0.039,0.017,1948
1950,1,-0.037,0.026,0.037,0.016,1950.083333
1950,2,-0.016,0.026,0.037,0.016,1950.166667
1950,3,-0.049,0.026,0.036,0.016,1950.25
1950,4,0.029,0.026,0.036,0.016,1950.333333
1950,5,-0.039,0.026,0.036,0.016,1950.416667
1950,6,0.014,0.026,0.036,0.016,1950.5
1950,7,0.04,0.026,0.036,0.015,1950.583333
1950,8,0.008,0.026,0.036,0.015,1950.666667
1950,9,0.003,0.026,0.036,0.015,1950.75
1950,10,0.049,0.026,0.036,0.015,1950.833333
1950,11,0.063,0.026,0.036,0.015,1950.916667
1950,12,0.108,0.025,0.036,0.015,1951
1951,1,0.012,0.025,0.036,0.015,1951.083333
1951,2,0.063,0.025,0.036,0.015,1951.166667
1951,3,0.018,0.025,0.035,0.015,1951.25
1951,4,0.044,0.025,0.035,0.015,1951.333333
1951,5,0.079,0.025,0.035,0.015,1951.416667
1951,6,0.111,0.025,0.035,0.015,1951.5
1951,7,0.04,0.025,0.035,0.015,1951.583333
1951,8,0.035,0.025,0.035,0.015,1951.666667
1951,9,0.033,0.025,0.035,0.015,1951.75
1951,10,0.046,0.025,0.035,0.015,1951.833333
1951,11,0.142,0.025,0.035,0.015,1951.916667
1951,12,0.118,0.025,0.035,0.015,1952
1952,1,0.167,0.025,0.035,0.015,1952.083333
1952,2,0.073,0.025,0.035,0.014,1952.166667
1952,3,0.015,0.024,0.034,0.014,1952.25
1952,4,0.059,0.024,0.034,0.014,1952.333333
1952,5,0.07,0.024,0.034,0.014,1952.416667
1952,6,0.053,0.024,0.034,0.014,1952.5
1952,7,0.043,0.024,0.034,0.014,1952.583333
1952,8,0.044,0.024,0.034,0.014,1952.666667
1952,9,0.042,0.024,0.034,0.014,1952.75
1952,10,0.04,0.024,0.034,0.014,1952.833333
1952,11,0.09,0.024,0.034,0.014,1952.916667
1952,12,0.136,0.024,0.034,0.014,1953
1953,1,0.082,0.024,0.034,0.014,1953.083333
1953,2,-0.138,0.024,0.034,0.014,1953.166667
1953,3,-0.016,0.024,0.033,0.014,1953.25
1953,4,0.026,0.024,0.033,0.014,1953.333333
1953,5,0.046,0.024,0.033,0.014,1953.416667
1953,6,-0.011,0.023,0.033,0.014,1953.5
1953,7,0.015,0.023,0.033,0.014,1953.583333
1953,8,0.026,0.023,0.033,0.014,1953.666667
1953,9,0.055,0.023,0.033,0.014,1953.75
1953,10,-0.005,0.023,0.033,0.013,1953.833333
1953,11,0.087,0.023,0.033,0.013,1953.916667
1953,12,-0.085,0.023,0.033,0.013,1954
1954,1,0.122,0.023,0.033,0.013,1954.083333
1954,2,0.063,0.023,0.033,0.013,1954.166667
1954,3,0.082,0.023,0.032,0.013,1954.25
1954,4,0.053,0.023,0.032,0.013,1954.333333
1954,5,0.025,0.023,0.032,0.013,1954.416667
1954,6,0.038,0.023,0.032,0.013,1954.5
1954,7,0.012,0.023,0.032,0.013,1954.583333
1954,8,0.023,0.022,0.032,0.013,1954.666667
1954,9,-0.009,0.022,0.032,0.013,1954.75
1954,10,0.007,0.022,0.032,0.013,1954.833333
1954,11,0.039,0.022,0.032,0.013,1954.916667
1954,12,0.023,0.022,0.032,0.013,1955
1955,1,-0.037,0.022,0.032,0.013,1955.083333
1955,2,-0.098,0.022,0.032,0.013,1955.166667
1955,3,-0.083,0.022,0.031,0.013,1955.25
1955,4,0.026,0.022,0.031,0.012,1955.333333
1955,5,-0.079,0.022,0.031,0.012,1955.416667
1955,6,-0.002,0.022,0.031,0.012,1955.5
1955,7,-0.012,0.022,0.031,0.012,1955.583333
1955,8,-0.017,0.022,0.031,0.012,1955.666667
1955,9,-0.022,0.022,0.031,0.012,1955.75
1955,10,-0.06,0.022,0.031,0.012,1955.833333
1955,11,-0.019,0.021,0.031,0.012,1955.916667
1955,12,0.13,0.021,0.031,0.012,1956
1956,1,0.14,0.021,0.031,0.012,1956.083333
1956,2,-0.089,0.021,0.031,0.012,1956.166667
1956,3,-0.086,0.021,0.03,0.012,1956.25
1956,4,0.056,0.021,0.03,0.012,1956.333333
1956,5,0.082,0.021,0.03,0.012,1956.416667
1956,6,0.035,0.021,0.03,0.012,1956.5
1956,7,0.027,0.021,0.03,0.012,1956.583333
1956,8,-0.023,0.021,0.03,0.012,1956.666667
1956,9,-0.015,0.021,0.03,0.012,1956.75
1956,10,-0.012,0.021,0.03,0.012,1956.833333
1956,11,-0.129,0.021,0.03,0.011,1956.916667
1956,12,-0.094,0.021,0.03,0.011,1957
1957,1,-0.079,0.021,0.03,0.011,1957.083333
1957,2,0.015,0.02,0.03,0.011,1957.166667
1957,3,0.042,0.02,0.029,0.011,1957.25
1957,4,0.001,0.02,0.029,0.011,1957.333333
1957,5,0.113,0.02,0.029,0.011,1957.416667
1957,6,0.011,0.02,0.029,0.011,1957.5
1957,7,0.034,0.02,0.029,0.011,1957.583333
1957,8,0.011,0.02,0.029,0.011,1957.666667
1957,9,0.049,0.02,0.029,0.011,1957.75
1957,10,0.11,0.02,0.029,0.011,1957.833333
1957,11,0.033,0.02,0.029,0.011,1957.916667
1957,12,0.069,0.02,0.029,0.011,1958
1958,1,0.152,0.02,0.029,0.011,1958.083333
1958,2,0.292,0.02,0.029,0.011,1958.166667
1958,3,0.106,0.02,0.028,0.011,1958.25
1958,4,0.102,0.019,0.028,0.011,1958.333333
1958,5,0.058,0.019,0.028,0.011,1958.416667
1958,6,0.075,0.019,0.028,0.01,1958.5
1958,7,0.043,0.019,0.028,0.01,1958.583333
1958,8,0.059,0.019,0.028,0.01,1958.666667
1958,9,0,0.019,0.028,0.01,1958.75
1958,10,0.071,0.019,0.028,0.01,1958.833333
1958,11,-0.013,0.019,0.028,0.01,1958.916667
1958,12,0.002,0.019,0.028,0.01,1959
1959,1,0.055,0.019,0.028,0.01,1959.083333
1959,2,0.127,0.019,0.028,0.01,1959.166667
1959,3,-0.074,0.019,0.027,0.01,1959.25
1959,4,-0.032,0.019,0.027,0.01,1959.333333
1959,5,-0.03,0.019,0.027,0.01,1959.416667
1959,6,-0.014,0.019,0.027,0.01,1959.5
1959,7,0.021,0.018,0.027,0.01,1959.583333
1959,8,0.02,0.018,0.027,0.01,1959.666667
1959,9,0.024,0.018,0.027,0.01,1959.75
1959,10,-0.002,0.018,0.027,0.01,1959.833333
1959,11,-0.053,0.018,0.027,0.01,1959.916667
1959,12,-0.018,0.018,0.027,0.009,1960
1960,1,0.033,0.018,0.027,0.009,1960.083333
1960,2,-0.019,0.018,0.027,0.009,1960.166667
1960,3,0.024,0.018,0.027,0.009,1960.25
1960,4,0.017,0.018,0.026,0.009,1960.333333
1960,5,0.015,0.018,0.026,0.009,1960.416667
1960,6,0.02,0.018,0.026,0.009,1960.5
1960,7,0,0.018,0.026,0.009,1960.583333
1960,8,-0.035,0.018,0.026,0.009,1960.666667
1960,9,0.006,0.018,0.026,0.009,1960.75
1960,10,-0.024,0.017,0.026,0.009,1960.833333
1960,11,0.008,0.017,0.026,0.009,1960.916667
1960,12,-0.002,0.017,0.026,0.009,1961
1961,1,0.045,0.017,0.026,0.009,1961.083333
1961,2,0.03,0.017,0.026,0.009,1961.166667
1961,3,0.097,0.017,0.026,0.009,1961.25
1961,4,-0.02,0.017,0.025,0.009,1961.333333
1961,5,0.055,0.017,0.025,0.009,1961.416667
1961,6,0.075,0.017,0.025,0.008,1961.5
1961,7,0.018,0.017,0.025,0.008,1961.583333
1961,8,0.02,0.017,0.025,0.008,1961.666667
1961,9,-0.019,0.017,0.025,0.008,1961.75
1961,10,-0.057,0.017,0.025,0.008,1961.833333
1961,11,-0.004,0.017,0.025,0.008,1961.916667
1961,12,-0.057,0.016,0.025,0.008,1962
1962,1,-0.098,0.016,0.025,0.008,1962.083333
1962,2,0.118,0.016,0.025,0.008,1962.166667
1962,3,0.039,0.016,0.025,0.008,1962.25
1962,4,-0.023,0.016,0.025,0.008,1962.333333
1962,5,0.046,0.016,0.024,0.008,1962.416667
1962,6,0.014,0.016,0.024,0.008,1962.5
1962,7,0.024,0.016,0.024,0.008,1962.583333
1962,8,0.035,0.016,0.024,0.008,1962.666667
1962,9,0.067,0.016,0.024,0.008,1962.75
1962,10,0.119,0.016,0.024,0.008,1962.833333
1962,11,-0.016,0.016,0.024,0.008,1962.916667
1962,12,-0.008,0.016,0.024,0.007,1963
1963,1,-0.076,0.016,0.024,0.007,1963.083333
1963,2,0.085,0.016,0.024,0.007,1963.166667
1963,3,0.006,0.015,0.024,0.007,1963.25
1963,4,0.157,0.015,0.024,0.007,1963.333333
1963,5,0.079,0.015,0.023,0.007,1963.416667
1963,6,0.007,0.015,0.023,0.007,1963.5
1963,7,0.04,0.015,0.023,0.007,1963.583333
1963,8,0.008,0.015,0.023,0.007,1963.666667
1963,9,0.073,0.015,0.023,0.007,1963.75
1963,10,0.065,0.015,0.023,0.007,1963.833333
1963,11,0.1,0.015,0.023,0.007,1963.916667
1963,12,-0.018,0.015,0.023,0.007,1964
1964,1,0.018,0.015,0.023,0.007,1964.083333
1964,2,-0.187,0.015,0.023,0.007,1964.166667
1964,3,-0.116,0.015,0.023,0.007,1964.25
1964,4,-0.096,0.015,0.023,0.007,1964.333333
1964,5,-0.052,0.015,0.023,0.006,1964.416667
1964,6,-0.047,0.014,0.022,0.006,1964.5
1964,7,-0.101,0.014,0.022,0.006,1964.583333
1964,8,-0.005,0.014,0.022,0.006,1964.666667
1964,9,-0.052,0.014,0.022,0.006,1964.75
1964,10,-0.021,0.014,0.022,0.006,1964.833333
1964,11,0.075,0.014,0.022,0.006,1964.916667
1964,12,0.111,0.014,0.022,0.006,1965
1965,1,0.088,0.014,0.022,0.006,1965.083333
1965,2,-0.074,0.014,0.022,0.006,1965.166667
1965,3,0.039,0.014,0.022,0.006,1965.25
1965,4,0.138,0.014,0.022,0.006,1965.333333
1965,5,-0.076,0.014,0.022,0.006,1965.416667
1965,6,0.02,0.014,0.021,0.006,1965.5
1965,7,0.027,0.014,0.021,0.006,1965.583333
1965,8,0.069,0.013,0.021,0.006,1965.666667
1965,9,0.07,0.013,0.021,0.006,1965.75
1965,10,0.077,0.013,0.021,0.006,1965.833333
1965,11,0.206,0.013,0.021,0.005,1965.916667
1965,12,0.102,0.013,0.021,0.005,1966
1966,1,0.07,0.013,0.021,0.005,1966.083333
1966,2,-0.022,0.013,0.021,0.005,1966.166667
1966,3,0.033,0.013,0.021,0.005,1966.25
1966,4,0.01,0.013,0.021,0.005,1966.333333
1966,5,0.009,0.013,0.021,0.005,1966.416667
1966,6,-0.017,0.013,0.021,0.005,1966.5
1966,7,0,0.013,0.02,0.005,1966.583333
1966,8,0.023,0.013,0.02,0.005,1966.666667
1966,9,-0.009,0.013,0.02,0.005,1966.75
1966,10,-0.03,0.013,0.02,0.005,1966.833333
1966,11,0.1,0.012,0.02,0.005,1966.916667
1966,12,0.054,0.012,0.02,0.005,1967
1967,1,-0.012,0.012,0.02,0.005,1967.083333
1967,2,-0.092,0.012,0.02,0.005,1967.166667
1967,3,0.06,0.012,0.02,0.005,1967.25
1967,4,0.099,0.012,0.02,0.004,1967.333333
1967,5,0.028,0.012,0.02,0.004,1967.416667
1967,6,0.038,0.012,0.02,0.004,1967.5
1967,7,-0.009,0.012,0.02,0.004,1967.583333
1967,8,0.026,0.012,0.019,0.004,1967.666667
1967,9,0.039,0.012,0.019,0.004,1967.75
1967,10,-0.033,0.012,0.019,0.004,1967.833333
1967,11,0.008,0.012,0.019,0.004,1967.916667
1967,12,-0.085,0.012,0.019,0.004,1968
1968,1,0.012,0.012,0.019,0.004,1968.083333
1968,2,0.069,0.011,0.019,0.004,1968.166667
1968,3,0.002,0.011,0.019,0.004,1968.25
1968,4,-0.108,0.011,0.019,0.004,1968.333333
1968,5,0.003,0.011,0.019,0.004,1968.416667
1968,6,-0.035,0.011,0.019,0.004,1968.5
1968,7,0.015,0.011,0.019,0.004,1968.583333
1968,8,0.069,0.011,0.019,0.004,1968.666667
1968,9,0.009,0.011,0.018,0.003,1968.75
1968,10,0.034,0.011,0.018,0.003,1968.833333
1968,11,0.03,0.011,0.018,0.003,1968.916667
1968,12,0.084,0.011,0.018,0.003,1969
1969,1,0.119,0.011,0.018,0.003,1969.083333
1969,2,0.17,0.011,0.018,0.003,1969.166667
1969,3,-0.037,0.011,0.018,0.003,1969.25
1969,4,0.062,0.01,0.018,0.003,1969.333333
1969,5,0.021,0.01,0.018,0.003,1969.416667
1969,6,0.038,0.01,0.018,0.003,1969.5
1969,7,-0.082,0.01,0.018,0.003,1969.583333
1969,8,-0.063,0.01,0.018,0.003,1969.666667
1969,9,0.018,0.01,0.018,0.003,1969.75
1969,10,0.043,0.01,0.017,0.003,1969.833333
1969,11,0.011,0.01,0.017,0.003,1969.916667
1969,12,0.06,0.01,0.017,0.003,1970
1970,1,0.122,0.01,0.017,0.002,1970.083333
1970,2,0.06,0.01,0.017,0.002,1970.166667
1970,3,-0.004,0.01,0.017,0.002,1970.25
1970,4,-0.142,0.01,0.017,0.002,1970.333333
1970,5,-0.033,0.01,0.017,0.002,1970.416667
1970,6,0.007,0.01,0.017,0.002,1970.5
1970,7,0.015,0.009,0.017,0.002,1970.583333
1970,8,-0.02,0.009,0.017,0.002,1970.666667
1970,9,-0.07,0.009,0.017,0.002,1970.75
1970,10,0.016,0.009,0.017,0.002,1970.833333
1970,11,0.094,0.009,0.017,0.002,1970.916667
1970,12,0.084,0.009,0.016,0.002,1971
1971,1,-0.101,0.009,0.016,0.002,1971.083333
1971,2,-0.153,0.009,0.016,0.002,1971.166667
1971,3,-0.025,0.009,0.016,0.002,1971.25
1971,4,-0.066,0.009,0.016,0.002,1971.333333
1971,5,-0.009,0.009,0.016,0.002,1971.416667
1971,6,-0.011,0.009,0.016,0.001,1971.5
1971,7,0.003,0.009,0.016,0.001,1971.583333
1971,8,-0.017,0.009,0.016,0.001,1971.666667
1971,9,0.021,0.009,0.016,0.001,1971.75
1971,10,-0.039,0.008,0.016,0.001,1971.833333
1971,11,-0.034,0.008,0.016,0.001,1971.916667
1971,12,-0.002,0.008,0.016,0.001,1972
1972,1,-0.055,0.008,0.015,0.001,1972.083333
1972,2,0.03,0.008,0.015,0.001,1972.166667
1972,3,0.045,0.008,0.015,0.001,1972.25
1972,4,0.032,0.008,0.015,0.001,1972.333333
1972,5,0.015,0.008,0.015,0.001,1972.416667
1972,6,0.096,0.008,0.015,0.001,1972.5
1972,7,0.061,0.008,0.015,0.001,1972.583333
1972,8,0.065,0.008,0.015,0.001,1972.666667
1972,9,0.024,0.008,0.015,0.001,1972.75
1972,10,0.08,0.008,0.015,0,1972.833333
1972,11,0.066,0.008,0.015,0,1972.916667
1972,12,0.051,0.007,0.015,0,1973
1973,1,0.033,0.007,0.015,0,1973.083333
1973,2,0.085,0.007,0.015,0,1973.166667
1973,3,-0.019,0.007,0.014,0,1973.25
1973,4,-0.112,0.007,0.014,0,1973.333333
1973,5,-0.043,0.007,0.014,0,1973.416667
1973,6,-0.02,0.007,0.014,0,1973.5
1973,7,-0.021,0.007,0.014,0,1973.583333
1973,8,-0.02,0.007,0.014,0,1973.666667
1973,9,-0.04,0.007,0.014,0,1973.75
1973,10,-0.036,0.007,0.014,0,1973.833333
1973,11,0.094,0.007,0.014,0,1973.916667
1973,12,0.078,0.007,0.014,0,1974
1974,1,0.009,0.007,0.014,-0.001,1974.083333
1974,2,-0.092,0.007,0.014,-0.001,1974.166667
1974,3,0.088,0.006,0.014,-0.001,1974.25
1974,4,0.044,0.006,0.013,-0.001,1974.333333
1974,5,-0.043,0.006,0.013,-0.001,1974.416667
1974,6,-0.002,0.006,0.013,-0.001,1974.5
1974,7,0.012,0.006,0.013,-0.001,1974.583333
1974,8,0.008,0.006,0.013,-0.001,1974.666667
1974,9,0.012,0.006,0.013,-0.001,1974.75
1974,10,-0.036,0.006,0.013,-0.001,1974.833333
1974,11,-0.056,0.006,0.013,-0.001,1974.916667
1974,12,-0.094,0.006,0.013,-0.001,1975
1975,1,-0.134,0.006,0.013,-0.001,1975.083333
1975,2,-0.01,0.006,0.013,-0.001,1975.166667
1975,3,0.002,0.006,0.013,-0.001,1975.25
1975,4,-0.044,0.006,0.013,-0.001,1975.333333
1975,5,-0.052,0.006,0.013,-0.002,1975.416667
1975,6,-0.081,0.005,0.012,-0.002,1975.5
1975,7,-0.003,0.005,0.012,-0.002,1975.583333
1975,8,-0.032,0.005,0.012,-0.002,1975.666667
1975,9,-0.025,0.005,0.012,-0.002,1975.75
1975,10,-0.025,0.005,0.012,-0.002,1975.833333
1975,11,-0.05,0.005,0.012,-0.002,1975.916667
1975,12,-0.173,0.005,0.012,-0.002,1976
1976,1,-0.134,0.005,0.012,-0.002,1976.083333
1976,2,-0.025,0.005,0.012,-0.002,1976.166667
1976,3,-0.101,0.005,0.012,-0.002,1976.25
1976,4,-0.014,0.005,0.012,-0.002,1976.333333
1976,5,-0.049,0.005,0.012,-0.002,1976.416667
1976,6,-0.011,0.005,0.012,-0.002,1976.5
1976,7,0.034,0.005,0.012,-0.002,1976.583333
1976,8,0.026,0.004,0.011,-0.003,1976.666667
1976,9,0.039,0.004,0.011,-0.003,1976.75
1976,10,0.022,0.004,0.011,-0.003,1976.833333
1976,11,0.005,0.004,0.011,-0.003,1976.916667
1976,12,-0.008,0.004,0.011,-0.003,1977
1977,1,-0.034,0.004,0.011,-0.003,1977.083333
1977,2,-0.068,0.004,0.011,-0.003,1977.166667
1977,3,-0.132,0.004,0.011,-0.003,1977.25
1977,4,-0.124,0.004,0.011,-0.003,1977.333333
1977,5,-0.006,0.004,0.011,-0.003,1977.416667
1977,6,-0.011,0.004,0.011,-0.003,1977.5
1977,7,-0.052,0.004,0.011,-0.003,1977.583333
1977,8,0.023,0.004,0.011,-0.003,1977.666667
1977,9,0.039,0.004,0.011,-0.003,1977.75
1977,10,0.043,0.004,0.011,-0.003,1977.833333
1977,11,-0.016,0.003,0.01,-0.004,1977.916667
1977,12,0.093,0.003,0.01,-0.004,1978
1978,1,0.225,0.003,0.01,-0.004,1978.083333
1978,2,0.137,0.003,0.01,-0.004,1978.166667
1978,3,0.082,0.003,0.01,-0.004,1978.25
1978,4,0.105,0.003,0.01,-0.004,1978.333333
1978,5,-0.064,0.003,0.01,-0.004,1978.416667
1978,6,-0.06,0.003,0.01,-0.004,1978.5
1978,7,-0.034,0.003,0.01,-0.004,1978.583333
1978,8,-0.023,0.003,0.01,-0.004,1978.666667
1978,9,-0.019,0.003,0.01,-0.004,1978.75
1978,10,0.01,0.003,0.01,-0.004,1978.833333
1978,11,-0.044,0.003,0.01,-0.004,1978.916667
1978,12,-0.158,0.003,0.01,-0.004,1979
1979,1,0,0.003,0.009,-0.004,1979.083333
1979,2,0.009,0.002,0.009,-0.005,1979.166667
1979,3,0.002,0.002,0.009,-0.005,1979.25
1979,4,-0.026,0.002,0.009,-0.005,1979.333333
1979,5,-0.064,0.002,0.009,-0.005,1979.416667
1979,6,-0.081,0.002,0.009,-0.005,1979.5
1979,7,-0.061,0.002,0.009,-0.005,1979.583333
1979,8,-0.026,0.002,0.009,-0.005,1979.666667
1979,9,0,0.002,0.009,-0.005,1979.75
1979,10,0.062,0.002,0.009,-0.005,1979.833333
1979,11,0.023,0.002,0.009,-0.005,1979.916667
1979,12,0.023,0.002,0.009,-0.005,1980
1980,1,0.058,0.002,0.009,-0.005,1980.083333
1980,2,0.13,0.002,0.009,-0.005,1980.166667
1980,3,-0.01,0.002,0.009,-0.005,1980.25
1980,4,-0.017,0.001,0.008,-0.005,1980.333333
1980,5,-0.021,0.001,0.008,-0.006,1980.416667
1980,6,-0.002,0.001,0.008,-0.006,1980.5
1980,7,-0.015,0.001,0.008,-0.006,1980.583333
1980,8,0.001,0.001,0.008,-0.006,1980.666667
1980,9,0,0.001,0.008,-0.006,1980.75
1980,10,-0.015,0.001,0.008,-0.006,1980.833333
1980,11,-0.086,0.001,0.008,-0.006,1980.916667
1980,12,-0.002,0.001,0.008,-0.006,1981
1981,1,0.088,0.001,0.008,-0.006,1981.083333
1981,2,-0.022,0.001,0.008,-0.006,1981.166667
1981,3,-0.013,0.001,0.008,-0.006,1981.25
1981,4,-0.06,0.001,0.008,-0.006,1981.333333
1981,5,-0.03,0.001,0.008,-0.006,1981.416667
1981,6,-0.06,0.001,0.008,-0.006,1981.5
1981,7,-0.03,0,0.007,-0.007,1981.583333
1981,8,-0.084,0,0.007,-0.007,1981.666667
1981,9,-0.055,0,0.007,-0.007,1981.75
1981,10,0.043,0,0.007,-0.007,1981.833333
1981,11,0.127,0,0.007,-0.007,1981.916667
1981,12,0.035,0,0.007,-0.007,1982
1982,1,-0.083,0,0.007,-0.007,1982.083333
1982,2,-0.025,0,0.007,-0.007,1982.166667
1982,3,0.112,0,0.007,-0.007,1982.25
1982,4,0.077,0,0.007,-0.007,1982.333333
1982,5,-0.049,0,0.007,-0.007,1982.416667
1982,6,0.062,0,0.007,-0.007,1982.5
1982,7,0,0,0.007,-0.007,1982.583333
1982,8,0.005,0,0.007,-0.007,1982.666667
1982,9,0.042,0,0.007,-0.008,1982.75
1982,10,0.089,-0.001,0.006,-0.008,1982.833333
1982,11,0.2,-0.001,0.006,-0.008,1982.916667
1982,12,0.13,-0.001,0.006,-0.008,1983
1983,1,0.222,-0.001,0.006,-0.008,1983.083333
1983,2,0.292,-0.001,0.006,-0.008,1983.166667
1983,3,0.286,-0.001,0.006,-0.008,1983.25
1983,4,0.117,-0.001,0.006,-0.008,1983.333333
1983,5,0.079,-0.001,0.006,-0.008,1983.416667
1983,6,0.056,-0.001,0.006,-0.008,1983.5
1983,7,0.049,-0.001,0.006,-0.008,1983.583333
1983,8,0.093,-0.001,0.006,-0.008,1983.666667
1983,9,0.109,-0.001,0.006,-0.008,1983.75
1983,10,0.089,-0.001,0.006,-0.008,1983.833333
1983,11,0.179,-0.001,0.006,-0.009,1983.916667
1983,12,0.069,-0.002,0.006,-0.009,1984
1984,1,-0.052,-0.002,0.006,-0.009,1984.083333
1984,2,-0.007,-0.002,0.005,-0.009,1984.166667
1984,3,0.015,-0.002,0.005,-0.009,1984.25
1984,4,-0.047,-0.002,0.005,-0.009,1984.333333
1984,5,-0.024,-0.002,0.005,-0.009,1984.416667
1984,6,-0.014,-0.002,0.005,-0.009,1984.5
1984,7,0.027,-0.002,0.005,-0.009,1984.583333
1984,8,0.026,-0.002,0.005,-0.009,1984.666667
1984,9,0.021,-0.002,0.005,-0.009,1984.75
1984,10,-0.012,-0.002,0.005,-0.009,1984.833333
1984,11,0.084,-0.002,0.005,-0.009,1984.916667
1984,12,-0.021,-0.002,0.005,-0.009,1985
1985,1,-0.061,-0.002,0.005,-0.01,1985.083333
1985,2,-0.171,-0.002,0.005,-0.01,1985.166667
1985,3,-0.132,-0.003,0.005,-0.01,1985.25
1985,4,-0.044,-0.003,0.005,-0.01,1985.333333
1985,5,-0.046,-0.003,0.005,-0.01,1985.416667
1985,6,0.014,-0.003,0.004,-0.01,1985.5
1985,7,0.009,-0.003,0.004,-0.01,1985.583333
1985,8,-0.032,-0.003,0.004,-0.01,1985.666667
1985,9,0.021,-0.003,0.004,-0.01,1985.75
1985,10,-0.024,-0.003,0.004,-0.01,1985.833333
1985,11,-0.086,-0.003,0.004,-0.01,1985.916667
1985,12,-0.057,-0.003,0.004,-0.01,1986
1986,1,0.061,-0.003,0.004,-0.01,1986.083333
1986,2,0.137,-0.003,0.004,-0.011,1986.166667
1986,3,0.045,-0.003,0.004,-0.011,1986.25
1986,4,-0.051,-0.003,0.004,-0.011,1986.333333
1986,5,-0.036,-0.003,0.004,-0.011,1986.416667
1986,6,0.001,-0.004,0.004,-0.011,1986.5
1986,7,-0.021,-0.004,0.004,-0.011,1986.583333
1986,8,0.005,-0.004,0.004,-0.011,1986.666667
1986,9,0.003,-0.004,0.004,-0.011,1986.75
1986,10,0.013,-0.004,0.003,-0.011,1986.833333
1986,11,-0.05,-0.004,0.003,-0.011,1986.916667
1986,12,0.02,-0.004,0.003,-0.011,1987
1987,1,-0.043,-0.004,0.003,-0.011,1987.083333
1987,2,-0.034,-0.004,0.003,-0.011,1987.166667
1987,3,-0.001,-0.004,0.003,-0.011,1987.25
1987,4,-0.084,-0.004,0.003,-0.012,1987.333333
1987,5,0.012,-0.004,0.003,-0.012,1987.416667
1987,6,-0.026,-0.004,0.003,-0.012,1987.5
1987,7,-0.015,-0.004,0.003,-0.012,1987.583333
1987,8,0.017,-0.005,0.003,-0.012,1987.666667
1987,9,-0.043,-0.005,0.003,-0.012,1987.75
1987,10,0.01,-0.005,0.003,-0.012,1987.833333
1987,11,-0.016,-0.005,0.003,-0.012,1987.916667
1987,12,-0.005,-0.005,0.003,-0.012,1988
1988,1,-0.046,-0.005,0.003,-0.012,1988.083333
1988,2,-0.171,-0.005,0.002,-0.012,1988.166667
1988,3,-0.159,-0.005,0.002,-0.012,1988.25
1988,4,-0.026,-0.005,0.002,-0.012,1988.333333
1988,5,-0.049,-0.005,0.002,-0.013,1988.416667
1988,6,-0.032,-0.005,0.002,-0.013,1988.5
1988,7,-0.021,-0.005,0.002,-0.013,1988.583333
1988,8,0.005,-0.005,0.002,-0.013,1988.666667
1988,9,-0.07,-0.005,0.002,-0.013,1988.75
1988,10,-0.063,-0.005,0.002,-0.013,1988.833333
1988,11,-0.028,-0.006,0.002,-0.013,1988.916667
1988,12,-0.152,-0.006,0.002,-0.013,1989
1989,1,-0.201,-0.006,0.002,-0.013,1989.083333
1989,2,-0.147,-0.006,0.002,-0.013,1989.166667
1989,3,0.045,-0.006,0.002,-0.013,1989.25
1989,4,0.047,-0.006,0.002,-0.013,1989.333333
1989,5,0,-0.006,0.002,-0.013,1989.416667
1989,6,-0.005,-0.006,0.001,-0.014,1989.5
1989,7,-0.043,-0.006,0.001,-0.014,1989.583333
1989,8,-0.014,-0.006,0.001,-0.014,1989.666667
1989,9,0.024,-0.006,0.001,-0.014,1989.75
1989,10,-0.002,-0.006,0.001,-0.014,1989.833333
1989,11,-0.065,-0.006,0.001,-0.014,1989.916667
1989,12,-0.085,-0.006,0.001,-0.014,1990
1990,1,-0.07,-0.006,0.001,-0.014,1990.083333
1990,2,-0.101,-0.007,0.001,-0.014,1990.166667
1990,3,-0.058,-0.007,0.001,-0.014,1990.25
1990,4,0.017,-0.007,0.001,-0.014,1990.333333
1990,5,0.006,-0.007,0.001,-0.014,1990.416667
1990,6,0.032,-0.007,0.001,-0.014,1990.5
1990,7,0.049,-0.007,0.001,-0.015,1990.583333
1990,8,0.029,-0.007,0.001,-0.015,1990.666667
1990,9,0.03,-0.007,0.001,-0.015,1990.75
1990,10,-0.045,-0.007,0.001,-0.015,1990.833333
1990,11,-0.068,-0.007,0,-0.015,1990.916667
1990,12,-0.127,-0.007,0,-0.015,1991
1991,1,-0.083,-0.007,0,-0.015,1991.083333
1991,2,0.018,-0.007,0,-0.015,1991.166667
1991,3,0.066,-0.007,0,-0.015,1991.25
1991,4,-0.051,-0.008,0,-0.015,1991.333333
1991,5,-0.064,-0.008,0,-0.015,1991.416667
1991,6,-0.044,-0.008,0,-0.015,1991.5
1991,7,0.009,-0.008,0,-0.015,1991.583333
1991,8,0.032,-0.008,0,-0.016,1991.666667
1991,9,0.033,-0.008,0,-0.016,1991.75
1991,10,0.037,-0.008,0,-0.016,1991.833333
1991,11,-0.056,-0.008,0,-0.016,1991.916667
1991,12,-0.027,-0.008,0,-0.016,1992
1992,1,0.055,-0.008,0,-0.016,1992.083333
1992,2,0.234,-0.008,0,-0.016,1992.166667
1992,3,0.198,-0.008,0,-0.016,1992.25
1992,4,0.132,-0.008,-0.001,-0.016,1992.333333
1992,5,0.07,-0.008,-0.001,-0.016,1992.416667
1992,6,0.065,-0.008,-0.001,-0.016,1992.5
1992,7,0.064,-0.009,-0.001,-0.016,1992.583333
1992,8,0.017,-0.009,-0.001,-0.016,1992.666667
1992,9,0.003,-0.009,-0.001,-0.017,1992.75
1992,10,0.083,-0.009,-0.001,-0.017,1992.833333
1992,11,-0.034,-0.009,-0.001,-0.017,1992.916667
1992,12,0.026,-0.009,-0.001,-0.017,1993
1993,1,0.109,-0.009,-0.001,-0.017,1993.083333
1993,2,0.137,-0.009,-0.001,-0.017,1993.166667
1993,3,0.091,-0.009,-0.001,-0.017,1993.25
1993,4,0.099,-0.009,-0.001,-0.017,1993.333333
1993,5,0.149,-0.009,-0.001,-0.017,1993.416667
1993,6,0.044,-0.009,-0.001,-0.017,1993.5
1993,7,-0.018,-0.009,-0.001,-0.017,1993.583333
1993,8,0.005,-0.009,-0.001,-0.017,1993.666667
1993,9,0,-0.009,-0.001,-0.017,1993.75
1993,10,0.025,-0.01,-0.002,-0.018,1993.833333
1993,11,-0.063,-0.01,-0.002,-0.018,1993.916667
1993,12,0.013,-0.01,-0.002,-0.018,1994
1994,1,0.001,-0.01,-0.002,-0.018,1994.083333
1994,2,0.042,-0.01,-0.002,-0.018,1994.166667
1994,3,0.017,-0.01,-0.002,-0.018,1994.25
1994,4,-0.028,-0.01,-0.002,-0.018,1994.333333
1994,5,0.011,-0.01,-0.002,-0.018,1994.416667
1994,6,-0.015,-0.01,-0.002,-0.018,1994.5
1994,7,0.011,-0.01,-0.002,-0.018,1994.583333
1994,8,-0.03,-0.01,-0.002,-0.018,1994.666667
1994,9,-0.001,-0.01,-0.002,-0.018,1994.75
1994,10,-0.025,-0.01,-0.002,-0.018,1994.833333
1994,11,-0.055,-0.01,-0.002,-0.019,1994.916667
1994,12,0.016,-0.011,-0.002,-0.019,1995
1995,1,0.237,-0.011,-0.002,-0.019,1995.083333
1995,2,0.038,-0.011,-0.002,-0.019,1995.166667
1995,3,0.182,-0.011,-0.003,-0.019,1995.25
1995,4,0.008,-0.011,-0.003,-0.019,1995.333333
1995,5,0.022,-0.011,-0.003,-0.019,1995.416667
1995,6,0.006,-0.011,-0.003,-0.019,1995.5
1995,7,0.039,-0.011,-0.003,-0.019,1995.583333
1995,8,0,-0.011,-0.003,-0.019,1995.666667
1995,9,0.003,-0.011,-0.003,-0.019,1995.75
1995,10,-0.054,-0.011,-0.003,-0.019,1995.833333
1995,11,-0.056,-0.011,-0.003,-0.02,1995.916667
1995,12,0.064,-0.011,-0.003,-0.02,1996
1996,1,-0.013,-0.011,-0.003,-0.02,1996.083333
1996,2,0.135,-0.011,-0.003,-0.02,1996.166667
1996,3,-0.017,-0.012,-0.003,-0.02,1996.25
1996,4,0.042,-0.012,-0.003,-0.02,1996.333333
1996,5,-0.017,-0.012,-0.003,-0.02,1996.416667
1996,6,-0.057,-0.012,-0.003,-0.02,1996.5
1996,7,0.014,-0.012,-0.003,-0.02,1996.583333
1996,8,-0.026,-0.012,-0.003,-0.02,1996.666667
1996,9,-0.018,-0.012,-0.004,-0.02,1996.75
1996,10,-0.042,-0.012,-0.004,-0.02,1996.833333
1996,11,-0.073,-0.012,-0.004,-0.021,1996.916667
1996,12,0.066,-0.012,-0.004,-0.021,1997
1997,1,0.044,-0.012,-0.004,-0.021,1997.083333
1997,2,-0.123,-0.012,-0.004,-0.021,1997.166667
1997,3,-0.094,-0.012,-0.004,-0.021,1997.25
1997,4,-0.084,-0.012,-0.004,-0.021,1997.333333
1997,5,0.058,-0.012,-0.004,-0.021,1997.416667
1997,6,0.034,-0.013,-0.004,-0.021,1997.5
1997,7,0.015,-0.013,-0.004,-0.021,1997.583333
1997,8,0.067,-0.013,-0.004,-0.021,1997.666667
1997,9,0.055,-0.013,-0.004,-0.021,1997.75
1997,10,0.071,-0.013,-0.004,-0.021,1997.833333
1997,11,0.2,-0.013,-0.004,-0.021,1997.916667
1997,12,0.081,-0.013,-0.004,-0.022,1998
1998,1,0.233,-0.013,-0.004,-0.022,1998.083333
1998,2,0.274,-0.013,-0.004,-0.022,1998.166667
1998,3,0.045,-0.013,-0.005,-0.022,1998.25
1998,4,0.023,-0.013,-0.005,-0.022,1998.333333
1998,5,0.064,-0.013,-0.005,-0.022,1998.416667
1998,6,0.03,-0.013,-0.005,-0.022,1998.5
1998,7,-0.025,-0.013,-0.005,-0.022,1998.583333
1998,8,-0.028,-0.014,-0.005,-0.022,1998.666667
1998,9,0,-0.014,-0.005,-0.022,1998.75
1998,10,-0.063,-0.014,-0.005,-0.022,1998.833333
1998,11,0.033,-0.014,-0.005,-0.022,1998.916667
1998,12,-0.174,-0.014,-0.005,-0.023,1999
1999,1,-0.099,-0.014,-0.005,-0.023,1999.083333
1999,2,-0.01,-0.014,-0.005,-0.023,1999.166667
1999,3,0.031,-0.014,-0.005,-0.023,1999.25
1999,4,-0.085,-0.014,-0.005,-0.023,1999.333333
1999,5,-0.09,-0.014,-0.005,-0.023,1999.416667
1999,6,-0.056,-0.014,-0.005,-0.023,1999.5
1999,7,-0.039,-0.014,-0.005,-0.023,1999.583333
1999,8,-0.039,-0.014,-0.005,-0.023,1999.666667
1999,9,-0.053,-0.014,-0.006,-0.023,1999.75
1999,10,-0.087,-0.014,-0.006,-0.023,1999.833333
1999,11,-0.018,-0.015,-0.006,-0.023,1999.916667
1999,12,-0.168,-0.015,-0.006,-0.024,2000
2000,1,-0.062,-0.015,-0.006,-0.024,2000.083333
2000,2,0.103,-0.015,-0.006,-0.024,2000.166667
2000,3,-0.125,-0.015,-0.006,-0.024,2000.25
2000,4,-0.013,-0.015,-0.006,-0.024,2000.333333
2000,5,-0.008,-0.015,-0.006,-0.024,2000.416667
2000,6,0.022,-0.015,-0.006,-0.024,2000.5
2000,7,-0.033,-0.015,-0.006,-0.024,2000.583333
2000,8,-0.056,-0.015,-0.006,-0.024,2000.666667
2000,9,-0.055,-0.015,-0.006,-0.024,2000.75
2000,10,-0.049,-0.015,-0.006,-0.024,2000.833333
2000,11,-0.101,-0.015,-0.006,-0.024,2000.916667
2000,12,-0.132,-0.015,-0.006,-0.024,2001
2001,1,-0.086,-0.015,-0.006,-0.025,2001.083333
2001,2,-0.1,-0.016,-0.006,-0.025,2001.166667
2001,3,-0.094,-0.016,-0.006,-0.025,2001.25
2001,4,-0.095,-0.016,-0.007,-0.025,2001.333333
2001,5,-0.052,-0.016,-0.007,-0.025,2001.416667
2001,6,-0.075,-0.016,-0.007,-0.025,2001.5
2001,7,-0.046,-0.016,-0.007,-0.025,2001.583333
2001,8,-0.067,-0.016,-0.007,-0.025,2001.666667
2001,9,-0.049,-0.016,-0.007,-0.025,2001.75
2001,10,-0.063,-0.016,-0.007,-0.025,2001.833333
2001,11,0.006,-0.016,-0.007,-0.025,2001.916667
2001,12,-0.03,-0.016,-0.007,-0.025,2002
2002,1,-0.099,-0.016,-0.007,-0.026,2002.083333
2002,2,-0.07,-0.016,-0.007,-0.026,2002.166667
2002,3,-0.081,-0.016,-0.007,-0.026,2002.25
2002,4,-0.061,-0.016,-0.007,-0.026,2002.333333
2002,5,-0.081,-0.017,-0.007,-0.026,2002.416667
2002,6,-0.091,-0.017,-0.007,-0.026,2002.5
2002,7,-0.032,-0.017,-0.007,-0.026,2002.583333
2002,8,-0.023,-0.017,-0.007,-0.026,2002.666667
2002,9,-0.002,-0.017,-0.007,-0.026,2002.75
2002,10,-0.059,-0.017,-0.007,-0.026,2002.833333
2002,11,0.027,-0.017,-0.008,-0.026,2002.916667
2002,12,0.157,-0.017,-0.008,-0.026,2003
2003,1,0.042,-0.017,-0.008,-0.027,2003.083333
2003,2,-0.04,-0.017,-0.008,-0.027,2003.166667
2003,3,-0.048,-0.017,-0.008,-0.027,2003.25
2003,4,0.101,-0.017,-0.008,-0.027,2003.333333
2003,5,-0.035,-0.017,-0.008,-0.027,2003.416667
2003,6,-0.022,-0.017,-0.008,-0.027,2003.5
2003,7,-0.045,-0.018,-0.008,-0.027,2003.583333
2003,8,0.027,-0.018,-0.008,-0.027,2003.666667
2003,9,-0.02,-0.018,-0.008,-0.027,2003.75
2003,10,-0.014,-0.018,-0.008,-0.027,2003.833333
2003,11,-0.041,-0.018,-0.008,-0.027,2003.916667
2003,12,0.064,-0.018,-0.008,-0.027,2004
2004,1,0.036,-0.018,-0.008,-0.028,2004.083333
2004,2,0.043,-0.018,-0.008,-0.028,2004.166667
2004,3,-0.07,-0.018,-0.008,-0.028,2004.25
2004,4,-0.01,-0.018,-0.008,-0.028,2004.333333
2004,5,-0.007,-0.018,-0.009,-0.028,2004.416667
2004,6,-0.026,-0.018,-0.009,-0.028,2004.5
2004,7,0.006,-0.018,-0.009,-0.028,2004.583333
2004,8,-0.005,-0.018,-0.009,-0.028,2004.666667
2004,9,-0.031,-0.018,-0.009,-0.028,2004.75
2004,10,0.016,-0.019,-0.009,-0.028,2004.833333
2004,11,-0.098,-0.019,-0.009,-0.028,2004.916667
2004,12,-0.02,-0.019,-0.009,-0.028,2005
2005,1,0.058,-0.019,-0.009,-0.029,2005.083333
2005,2,0.005,-0.019,-0.009,-0.029,2005.166667
2005,3,0.049,-0.019,-0.009,-0.029,2005.25
2005,4,0.019,-0.019,-0.009,-0.029,2005.333333
2005,5,0.097,-0.019,-0.009,-0.029,2005.416667
2005,6,-0.018,-0.019,-0.009,-0.029,2005.5
2005,7,0.007,-0.019,-0.009,-0.029,2005.583333
2005,8,0.001,-0.019,-0.009,-0.029,2005.666667
2005,9,-0.061,-0.019,-0.009,-0.029,2005.75
2005,10,-0.048,-0.019,-0.009,-0.029,2005.833333
2005,11,-0.075,-0.019,-0.009,-0.029,2005.916667
2005,12,0.051,-0.019,-0.01,-0.029,2006
2006,1,0.017,-0.02,-0.01,-0.03,2006.083333
2006,2,-0.092,-0.02,-0.01,-0.03,2006.166667
2006,3,0.091,-0.02,-0.01,-0.03,2006.25
2006,4,0.131,-0.02,-0.01,-0.03,2006.333333
2006,5,0.014,-0.02,-0.01,-0.03,2006.416667
2006,6,0.014,-0.02,-0.01,-0.03,2006.5
2006,7,0.004,-0.02,-0.01,-0.03,2006.583333
2006,8,0.006,-0.02,-0.01,-0.03,2006.666667
2006,9,-0.04,-0.02,-0.01,-0.03,2006.75
2006,10,-0.02,-0.02,-0.01,-0.03,2006.833333
2006,11,0.003,-0.02,-0.01,-0.03,2006.916667
2006,12,-0.038,-0.02,-0.01,-0.031,2007
2007,1,-0.185,-0.02,-0.01,-0.031,2007.083333
2007,2,-0.066,-0.02,-0.01,-0.031,2007.166667
2007,3,-0.145,-0.021,-0.01,-0.031,2007.25
2007,4,-0.064,-0.021,-0.01,-0.031,2007.333333
2007,5,-0.071,-0.021,-0.01,-0.031,2007.416667
2007,6,-0.061,-0.021,-0.01,-0.031,2007.5
2007,7,-0.01,-0.021,-0.01,-0.031,2007.583333
2007,8,0.001,-0.021,-0.011,-0.031,2007.666667
2007,9,-0.032,-0.021,-0.011,-0.031,2007.75
2007,10,-0.036,-0.021,-0.011,-0.031,2007.833333
2007,11,-0.084,-0.021,-0.011,-0.031,2007.916667
2007,12,-0.138,-0.021,-0.011,-0.032,2008
2008,1,-0.018,-0.021,-0.011,-0.032,2008.083333
2008,2,-0.101,-0.021,-0.011,-0.032,2008.166667
2008,3,-0.177,-0.021,-0.011,-0.032,2008.25
2008,4,-0.101,-0.021,-0.011,-0.032,2008.333333
2008,5,-0.062,-0.021,-0.011,-0.032,2008.416667
2008,6,-0.053,-0.022,-0.011,-0.032,2008.5
2008,7,0.03,-0.022,-0.011,-0.032,2008.583333
2008,8,0.015,-0.022,-0.011,-0.032,2008.666667
2008,9,-0.012,-0.022,-0.011,-0.032,2008.75
2008,10,-0.092,-0.022,-0.011,-0.032,2008.833333
2008,11,-0.053,-0.022,-0.011,-0.032,2008.916667
2008,12,-0.084,-0.022,-0.011,-0.033,2009
2009,1,-0.177,-0.022,-0.011,-0.033,2009.083333
2009,2,-0.004,-0.022,-0.011,-0.033,2009.166667
2009,3,-0.067,-0.022,-0.012,-0.033,2009.25
2009,4,-0.121,-0.022,-0.012,-0.033,2009.333333
2009,5,-0.019,-0.022,-0.012,-0.033,2009.416667
2009,6,0.052,-0.022,-0.012,-0.033,2009.5
2009,7,-0.016,-0.022,-0.012,-0.033,2009.583333
2009,8,-0.01,-0.022,-0.012,-0.033,2009.666667
2009,9,-0.021,-0.023,-0.012,-0.033,2009.75
2009,10,-0.003,-0.023,-0.012,-0.033,2009.833333
2009,11,-0.054,-0.023,-0.012,-0.033,2009.916667
2009,12,0.007,-0.023,-0.012,-0.034,2010
2010,1,0.153,-0.023,-0.012,-0.034,2010.083333
2010,2,0.098,-0.023,-0.012,-0.034,2010.166667
2010,3,0.004,-0.023,-0.012,-0.034,2010.25
2010,4,0.05,-0.023,-0.012,-0.034,2010.333333
2010,5,-0.078,-0.023,-0.012,-0.034,2010.416667
2010,6,-0.074,-0.023,-0.012,-0.034,2010.5
2010,7,-0.054,-0.023,-0.012,-0.034,2010.583333
2010,8,-0.064,-0.023,-0.012,-0.034,2010.666667
2010,9,-0.089,-0.023,-0.012,-0.034,2010.75
2010,10,-0.059,-0.023,-0.012,-0.034,2010.833333
2010,11,-0.088,-0.024,-0.013,-0.034,2010.916667
2010,12,0.068,-0.024,-0.013,-0.035,2011
2011,1,-0.129,-0.024,-0.013,-0.035,2011.083333
2011,2,-0.127,-0.024,-0.013,-0.035,2011.166667
2011,3,0.084,-0.024,-0.013,-0.035,2011.25
2011,4,-0.045,-0.024,-0.013,-0.035,2011.333333
2011,5,-0.024,-0.024,-0.013,-0.035,2011.416667
2011,6,-0.018,-0.024,-0.013,-0.035,2011.5
2011,7,-0.017,-0.024,-0.013,-0.035,2011.583333
2011,8,-0.052,-0.024,-0.013,-0.035,2011.666667
2011,9,-0.07,-0.024,-0.013,-0.035,2011.75
2011,10,-0.06,-0.024,-0.013,-0.035,2011.833333
2011,11,-0.081,-0.024,-0.013,-0.036,2011.916667
2011,12,-0.211,-0.024,-0.013,-0.036,2012
2012,1,-0.12,-0.024,-0.013,-0.036,2012.083333
2012,2,-0.167,-0.025,-0.013,-0.036,2012.166667
2012,3,0,-0.025,-0.013,-0.036,2012.25
2012,4,0.062,-0.025,-0.013,-0.036,2012.333333
2012,5,-0.077,-0.025,-0.013,-0.036,2012.416667
2012,6,-0.045,-0.025,-0.014,-0.036,2012.5
2012,7,-0.032,-0.025,-0.014,-0.036,2012.583333
2012,8,-0.028,-0.025,-0.014,-0.036,2012.666667
2012,9,-0.046,-0.025,-0.014,-0.036,2012.75
2012,10,-0.012,-0.025,-0.014,-0.036,2012.833333
2012,11,0.025,-0.025,-0.014,-0.037,2012.916667
2012,12,0.044,-0.025,-0.014,-0.037,2013
2013,1,-0.178,-0.025,-0.014,-0.037,2013.083333
2013,2,-0.259,-0.025,-0.014,-0.037,2013.166667
2013,3,-0.161,-0.025,-0.014,-0.037,2013.25
2013,4,-0.112,-0.025,-0.014,-0.037,2013.333333
2013,5,-0.082,-0.026,-0.014,-0.037,2013.416667
2013,6,-0.041,-0.026,-0.014,-0.037,2013.5
2013,7,-0.013,-0.026,-0.014,-0.037,2013.583333
2013,8,-0.034,-0.026,-0.014,-0.037,2013.666667
2013,9,-0.011,-0.026,-0.014,-0.037,2013.75
2013,10,-0.072,-0.026,-0.014,-0.037,2013.833333
2013,11,-0.098,-0.026,-0.014,-0.038,2013.916667
2013,12,-0.204,-0.026,-0.014,-0.038,2014
2014,1,-0.126,-0.026,-0.014,-0.038,2014.083333
2014,2,-0.072,-0.026,-0.015,-0.038,2014.166667
2014,3,-0.016,-0.026,-0.015,-0.038,2014.25
2014,4,0.013,-0.026,-0.015,-0.038,2014.333333
2014,5,0.005,-0.026,-0.015,-0.038,2014.416667
2014,6,-0.023,-0.026,-0.015,-0.038,2014.5
2014,7,0.037,-0.027,-0.015,-0.038,2014.583333
2014,8,0.004,-0.027,-0.015,-0.038,2014.666667
2014,9,0.061,-0.027,-0.015,-0.038,2014.75
2014,10,0.092,-0.027,-0.015,-0.039,2014.833333
2014,11,0.008,-0.027,-0.015,-0.039,2014.916667
2014,12,0.119,-0.027,-0.015,-0.039,2015
2015,1,-0.059,-0.027,-0.015,-0.039,2015.083333
2015,2,0.006,-0.027,-0.015,-0.039,2015.166667
2015,3,-0.061,-0.027,-0.015,-0.039,2015.25
2015,4,-0.041,-0.027,-0.015,-0.039,2015.333333
2015,5,0.003,-0.027,-0.015,-0.039,2015.416667
2015,6,0.041,-0.027,-0.015,-0.039,2015.5
2015,7,0.079,-0.027,-0.015,-0.039,2015.583333
2015,8,0.039,-0.027,-0.015,-0.039,2015.666667
2015,9,0.06,-0.027,-0.015,-0.039,2015.75
2015,10,0.074,-0.028,-0.016,-0.04,2015.833333
2015,11,-0.05,-0.028,-0.016,-0.04,2015.916667
2015,12,0.068,-0.028,-0.016,-0.04,2016
2016,1,0.101,-0.028,-0.016,-0.04,2016.083333
2016,2,-0.039,-0.028,-0.016,-0.04,2016.166667
2016,3,0.093,-0.028,-0.016,-0.04,2016.25
2016,4,-0.035,-0.028,-0.016,-0.04,2016.333333
2016,5,-0.027,-0.028,-0.016,-0.04,2016.416667
2016,6,-0.032,-0.028,-0.016,-0.04,2016.5
2016,7,-0.055,-0.028,-0.016,-0.04,2016.583333
2016,8,-0.007,-0.028,-0.016,-0.04,2016.666667
2016,9,-0.064,-0.028,-0.016,-0.04,2016.75
2016,10,0.059,-0.028,-0.016,-0.041,2016.833333
2016,11,0.076,-0.028,-0.016,-0.041,2016.916667
2016,12,-0.095,-0.028,-0.016,-0.041,2017
2017,1,0.072,-0.029,-0.016,-0.041,2017.083333
2017,2,0.138,-0.029,-0.016,-0.041,2017.166667
2017,3,0.01,-0.029,-0.016,-0.041,2017.25
2017,4,0.049,-0.029,-0.016,-0.041,2017.333333
2017,5,-0.044,-0.029,-0.016,-0.041,2017.416667
2017,6,-0.007,-0.029,-0.017,-0.041,2017.5
2017,7,-0.034,-0.029,-0.017,-0.041,2017.583333
2017,8,0.017,-0.029,-0.017,-0.041,2017.666667
2017,9,-0.01,-0.029,-0.017,-0.042,2017.75
2017,10,-0.104,-0.029,-0.017,-0.042,2017.833333
2017,11,0.008,-0.029,-0.017,-0.042,2017.916667
2017,12,-0.142,-0.029,-0.017,-0.042,2018
2018,1,-0.044,-0.029,-0.017,-0.042,2018.083333
2018,2,-0.205,-0.029,-0.017,-0.042,2018.166667
2018,3,0.017,-0.03,-0.017,-0.042,2018.25
2018,4,-0.004,-0.03,-0.017,-0.042,2018.333333
2018,5,-0.017,-0.03,-0.017,-0.042,2018.416667
2018,6,-0.037,-0.03,-0.017,-0.042,2018.5
2018,7,-0.012,-0.03,-0.017,-0.042,2018.583333
2018,8,-0.009,-0.03,-0.017,-0.042,2018.666667
2018,9,-0.031,-0.03,-0.017,-0.043,2018.75
2018,10,0.01,-0.03,-0.017,-0.043,2018.833333
2018,11,-0.036,-0.03,-0.017,-0.043,2018.916667
2018,12,-0.035,-0.03,-0.017,-0.043,2019
2019,1,0.037,-0.03,-0.017,-0.043,2019.083333
2019,2,0.046,-0.03,-0.018,-0.043,2019.166667
2019,3,0.024,-0.03,-0.018,-0.043,2019.25
2019,4,0.017,-0.03,-0.018,-0.043,2019.333333
2019,5,0.048,-0.03,-0.018,-0.043,2019.416667
2019,6,-0.04,-0.031,-0.018,-0.043,2019.5
2019,7,-0.048,-0.031,-0.018,-0.043,2019.583333
2019,8,-0.041,-0.031,-0.018,-0.044,2019.666667
2019,9,-0.016,-0.031,-0.018,-0.044,2019.75
2019,10,-0.078,-0.031,-0.018,-0.044,2019.833333
2019,11,-0.023,-0.031,-0.018,-0.044,2019.916667
2019,12,0.046,-0.031,-0.018,-0.044,2020
2020,1,-0.053,-0.031,-0.018,-0.044,2020.083333
2020,2,-0.205,-0.031,-0.018,-0.044,2020.166667
2020,3,-0.064,-0.031,-0.018,-0.044,2020.25
2020,4,-0.032,-0.031,-0.018,-0.044,2020.333333
2020,5,0.031,-0.031,-0.018,-0.044,2020.416667
2020,6,-0.026,-0.031,-0.018,-0.044,2020.5
2020,7,-0.022,-0.031,-0.018,-0.044,2020.583333
2020,8,-0.02,-0.031,-0.018,-0.045,2020.666667
2020,9,0.006,-0.032,-0.018,-0.045,2020.75
2020,10,-0.051,-0.032,-0.019,-0.045,2020.833333
2020,11,-0.115,-0.032,-0.019,-0.045,2020.916667
2020,12,-0.144,-0.032,-0.019,-0.045,2021
2021,1,-0.053,-0.032,-0.019,-0.045,2021.083333
2021,2,-0.177,-0.032,-0.019,-0.045,2021.166667
2021,3,-0.15,-0.032,-0.019,-0.045,2021.25
2021,4,-0.07,-0.032,-0.019,-0.045,2021.333333
2021,5,-0.085,-0.032,-0.019,-0.045,2021.416667
2021,6,0.014,-0.032,-0.019,-0.045,2021.5
2021,7,-0.007,-0.032,-0.019,-0.046,2021.583333
2021,8,-0.012,-0.032,-0.019,-0.046,2021.666667
2021,9,-0.043,-0.032,-0.019,-0.046,2021.75
2021,10,-0.014,-0.032,-0.019,-0.046,2021.833333
2021,11,-0.058,-0.033,-0.019,-0.046,2021.916667
2021,12,-0.012,-0.033,-0.019,-0.046,2022
2022,1,-0.087,-0.033,-0.019,-0.046,2022.083333
2022,2,-0.232,-0.033,-0.019,-0.046,2022.166667
2022,3,-0.154,-0.033,-0.019,-0.046,2022.25
2022,4,-0.092,-0.033,-0.019,-0.046,2022.333333
2022,5,-0.076,-0.033,-0.019,-0.046,2022.416667
2022,6,0.007,-0.033,-0.019,-0.046,2022.5
2022,7,-0.01,-0.033,-0.02,-0.047,2022.583333
2022,8,0.002,-0.033,-0.02,-0.047,2022.666667
2022,9,0.019,-0.033,-0.02,-0.047,2022.75
2022,10,-0.027,-0.033,-0.02,-0.047,2022.833333
2022,11,-0.083,-0.033,-0.02,-0.047,2022.916667
2022,12,0.014,-0.033,-0.02,-0.047,2023
2023,1,0.074,-0.033,-0.02,-0.047,2023.083333
2023,2,-0.136,-0.034,-0.02,-0.047,2023.166667
2023,3,0.011,-0.034,-0.02,-0.047,2023.25
2023,4,0.001,-0.034,-0.02,-0.047,2023.333333
2023,5,0.076,-0.034,-0.02,-0.047,2023.416667
2023,6,0.024,-0.034,-0.02,-0.048,2023.5
2023,7,-0.008,-0.034,-0.02,-0.048,2023.583333
2023,8,0.033,-0.034,-0.02,-0.048,2023.666667
2023,9,0.003,-0.034,-0.02,-0.048,2023.75
2023,10,0.034,-0.034,-0.02,-0.048,2023.833333
2023,11,0.031,-0.034,-0.02,-0.048,2023.916667