Year, Month, Monthly_MSL, Linear_Trend, High_Conf., Low_Conf.,Time
1967,2,-0.142,-0.041,-0.022,-0.061,1967.166667
1967,3,0.055,-0.041,-0.022,-0.06,1967.25
1967,4,0.068,-0.041,-0.022,-0.06,1967.333333
1967,5,-0.055,-0.041,-0.022,-0.06,1967.416667
1967,6,-0.006,-0.041,-0.022,-0.06,1967.5
1967,7,-0.037,-0.041,-0.022,-0.06,1967.583333
1967,8,-0.035,-0.041,-0.022,-0.059,1967.666667
1967,9,0.01,-0.04,-0.022,-0.059,1967.75
1967,10,0.011,-0.04,-0.021,-0.059,1967.833333
1967,11,-0.039,-0.04,-0.021,-0.059,1967.916667
1967,12,-0.062,-0.04,-0.021,-0.059,1968
1968,1,-0.042,-0.04,-0.021,-0.059,1968.083333
1968,2,0.06,-0.04,-0.021,-0.058,1968.166667
1968,3,0.007,-0.04,-0.021,-0.058,1968.25
1968,4,-0.175,-0.039,-0.021,-0.058,1968.333333
1968,5,-0.005,-0.039,-0.021,-0.058,1968.416667
1968,6,-0.048,-0.039,-0.021,-0.058,1968.5
1968,7,-0.014,-0.039,-0.021,-0.057,1968.583333
1968,8,0.051,-0.039,-0.02,-0.057,1968.666667
1968,9,-0.016,-0.039,-0.02,-0.057,1968.75
1968,10,0.037,-0.039,-0.02,-0.057,1968.833333
1968,11,0.053,-0.038,-0.02,-0.057,1968.916667
1968,12,0.144,-0.038,-0.02,-0.057,1969
1969,1,0.102,-0.038,-0.02,-0.056,1969.083333
1969,2,0.148,-0.038,-0.02,-0.056,1969.166667
1969,3,-0.078,-0.038,-0.02,-0.056,1969.25
1969,4,0.084,-0.038,-0.02,-0.056,1969.333333
1969,5,0.013,-0.038,-0.02,-0.056,1969.416667
1969,6,0.034,-0.037,-0.019,-0.055,1969.5
1969,7,-0.063,-0.037,-0.019,-0.055,1969.583333
1969,8,-0.071,-0.037,-0.019,-0.055,1969.666667
1969,9,-0.004,-0.037,-0.019,-0.055,1969.75
1969,10,0.019,-0.037,-0.019,-0.055,1969.833333
1969,11,-0.038,-0.037,-0.019,-0.055,1969.916667
1969,12,0.095,-0.037,-0.019,-0.054,1970
1970,1,0.123,-0.036,-0.019,-0.054,1970.083333
1970,2,0.026,-0.036,-0.019,-0.054,1970.166667
1970,3,-0.066,-0.036,-0.019,-0.054,1970.25
1970,4,-0.148,-0.036,-0.018,-0.054,1970.333333
1970,5,-0.103,-0.036,-0.018,-0.053,1970.416667
1970,6,-0.054,-0.036,-0.018,-0.053,1970.5
1970,7,-0.057,-0.036,-0.018,-0.053,1970.583333
1970,8,-0.056,-0.035,-0.018,-0.053,1970.666667
1970,9,-0.099,-0.035,-0.018,-0.053,1970.75
1970,10,-0.01,-0.035,-0.018,-0.052,1970.833333
1970,11,0.053,-0.035,-0.018,-0.052,1970.916667
1970,12,0.116,-0.035,-0.018,-0.052,1971
1971,1,-0.075,-0.035,-0.018,-0.052,1971.083333
1971,2,-0.135,-0.035,-0.017,-0.052,1971.166667
1971,3,0.013,-0.034,-0.017,-0.052,1971.25
1971,4,0.017,-0.034,-0.017,-0.051,1971.333333
1971,5,-0.036,-0.034,-0.017,-0.051,1971.416667
1971,6,0.016,-0.034,-0.017,-0.051,1971.5
1971,7,-0.014,-0.034,-0.017,-0.051,1971.583333
1971,8,0.013,-0.034,-0.017,-0.051,1971.666667
1971,9,-0.011,-0.034,-0.017,-0.05,1971.75
1971,10,-0.084,-0.033,-0.017,-0.05,1971.833333
1971,11,-0.085,-0.033,-0.017,-0.05,1971.916667
1971,12,-0.019,-0.033,-0.016,-0.05,1972
1972,1,-0.094,-0.033,-0.016,-0.05,1972.083333
1972,2,-0.002,-0.033,-0.016,-0.05,1972.166667
1972,3,0.007,-0.033,-0.016,-0.049,1972.25
1972,4,0.013,-0.033,-0.016,-0.049,1972.333333
1972,5,-0.039,-0.032,-0.016,-0.049,1972.416667
1972,6,0,-0.032,-0.016,-0.049,1972.5
1972,7,0.015,-0.032,-0.016,-0.049,1972.583333
1972,8,0.011,-0.032,-0.016,-0.048,1972.666667
1972,9,-0.002,-0.032,-0.015,-0.048,1972.75
1972,10,-0.038,-0.032,-0.015,-0.048,1972.833333
1972,11,0.007,-0.032,-0.015,-0.048,1972.916667
1972,12,0.003,-0.031,-0.015,-0.048,1973
1973,1,0.016,-0.031,-0.015,-0.048,1973.083333
1973,2,0.013,-0.031,-0.015,-0.047,1973.166667
1973,3,-0.048,-0.031,-0.015,-0.047,1973.25
1973,4,-0.203,-0.031,-0.015,-0.047,1973.333333
1973,5,-0.088,-0.031,-0.015,-0.047,1973.416667
1973,6,-0.064,-0.031,-0.015,-0.047,1973.5
1973,7,-0.088,-0.03,-0.014,-0.046,1973.583333
1973,8,-0.102,-0.03,-0.014,-0.046,1973.666667
1973,9,-0.072,-0.03,-0.014,-0.046,1973.75
1973,10,-0.066,-0.03,-0.014,-0.046,1973.833333
1973,11,0.095,-0.03,-0.014,-0.046,1973.916667
1973,12,0.085,-0.03,-0.014,-0.046,1974
1974,1,-0.048,-0.03,-0.014,-0.045,1974.083333
1974,2,-0.084,-0.029,-0.014,-0.045,1974.166667
1974,3,0.071,-0.029,-0.014,-0.045,1974.25
1974,4,0.01,-0.029,-0.013,-0.045,1974.333333
1974,5,-0.042,-0.029,-0.013,-0.045,1974.416667
1974,6,-0.03,-0.029,-0.013,-0.044,1974.5
1974,7,0.043,-0.029,-0.013,-0.044,1974.583333
1974,8,-0.056,-0.029,-0.013,-0.044,1974.666667
1974,9,-0.042,-0.028,-0.013,-0.044,1974.75
1974,10,-0.149,-0.028,-0.013,-0.044,1974.833333
1974,11,-0.089,-0.028,-0.013,-0.044,1974.916667
1974,12,-0.096,-0.028,-0.013,-0.043,1975
1975,1,-0.128,-0.028,-0.013,-0.043,1975.083333
1975,2,-0.009,-0.028,-0.012,-0.043,1975.166667
1975,3,-0.037,-0.028,-0.012,-0.043,1975.25
1975,4,-0.094,-0.027,-0.012,-0.043,1975.333333
1975,5,-0.104,-0.027,-0.012,-0.042,1975.416667
1975,6,-0.111,-0.027,-0.012,-0.042,1975.5
1975,7,-0.053,-0.027,-0.012,-0.042,1975.583333
1975,8,-0.091,-0.027,-0.012,-0.042,1975.666667
1975,9,-0.094,-0.027,-0.012,-0.042,1975.75
1975,10,0.007,-0.027,-0.012,-0.042,1975.833333
1975,11,-0.046,-0.026,-0.012,-0.041,1975.916667
1975,12,-0.157,-0.026,-0.011,-0.041,1976
1976,1,-0.159,-0.026,-0.011,-0.041,1976.083333
1976,2,-0.076,-0.026,-0.011,-0.041,1976.166667
1976,3,-0.125,-0.026,-0.011,-0.041,1976.25
1976,4,-0.04,-0.026,-0.011,-0.04,1976.333333
1976,5,-0.086,-0.026,-0.011,-0.04,1976.416667
1976,6,-0.074,-0.025,-0.011,-0.04,1976.5
1976,7,0.011,-0.025,-0.011,-0.04,1976.583333
1976,8,0.001,-0.025,-0.011,-0.04,1976.666667
1976,9,-0.021,-0.025,-0.01,-0.04,1976.75
1976,10,-0.042,-0.025,-0.01,-0.039,1976.833333
1976,11,-0.098,-0.025,-0.01,-0.039,1976.916667
1976,12,-0.129,-0.025,-0.01,-0.039,1977
1977,1,-0.159,-0.024,-0.01,-0.039,1977.083333
1977,2,-0.116,-0.024,-0.01,-0.039,1977.166667
1977,3,-0.138,-0.024,-0.01,-0.039,1977.25
1977,4,-0.183,-0.024,-0.01,-0.038,1977.333333
1977,5,0.002,-0.024,-0.01,-0.038,1977.416667
1977,6,-0.077,-0.024,-0.009,-0.038,1977.5
1977,7,-0.092,-0.024,-0.009,-0.038,1977.583333
1977,8,-0.002,-0.023,-0.009,-0.038,1977.666667
1977,9,0.015,-0.023,-0.009,-0.037,1977.75
1977,10,0.034,-0.023,-0.009,-0.037,1977.833333
1977,11,-0.029,-0.023,-0.009,-0.037,1977.916667
1977,12,0.108,-0.023,-0.009,-0.037,1978
1978,1,0.148,-0.023,-0.009,-0.037,1978.083333
1978,2,0.1,-0.023,-0.009,-0.037,1978.166667
1978,3,-0.011,-0.022,-0.009,-0.036,1978.25
1978,4,0.024,-0.022,-0.008,-0.036,1978.333333
1978,5,-0.084,-0.022,-0.008,-0.036,1978.416667
1978,6,-0.044,-0.022,-0.008,-0.036,1978.5
1978,7,-0.057,-0.022,-0.008,-0.036,1978.583333
1978,8,-0.025,-0.022,-0.008,-0.035,1978.666667
1978,9,0.021,-0.022,-0.008,-0.035,1978.75
1978,10,-0.076,-0.021,-0.008,-0.035,1978.833333
1978,11,-0.144,-0.021,-0.008,-0.035,1978.916667
1978,12,-0.203,-0.021,-0.008,-0.035,1979
1979,1,-0.105,-0.021,-0.007,-0.035,1979.083333
1979,2,0.057,-0.021,-0.007,-0.034,1979.166667
1979,3,-0.026,-0.021,-0.007,-0.034,1979.25
1979,4,-0.001,-0.021,-0.007,-0.034,1979.333333
1979,5,-0.044,-0.02,-0.007,-0.034,1979.416667
1979,6,-0.115,-0.02,-0.007,-0.034,1979.5
1979,7,-0.017,-0.02,-0.007,-0.034,1979.583333
1979,8,-0.034,-0.02,-0.007,-0.033,1979.666667
1979,9,0.002,-0.02,-0.007,-0.033,1979.75
1979,10,0.049,-0.02,-0.006,-0.033,1979.833333
1979,11,-0.029,-0.02,-0.006,-0.033,1979.916667
1979,12,0.007,-0.019,-0.006,-0.033,1980
1980,1,-0.016,-0.019,-0.006,-0.032,1980.083333
1980,2,0.079,-0.019,-0.006,-0.032,1980.166667
1980,3,-0.044,-0.019,-0.006,-0.032,1980.25
1980,4,0.005,-0.019,-0.006,-0.032,1980.333333
1980,5,-0.032,-0.019,-0.006,-0.032,1980.416667
1980,6,0.013,-0.019,-0.006,-0.032,1980.5
1980,7,-0.05,-0.018,-0.005,-0.031,1980.583333
1980,8,-0.058,-0.018,-0.005,-0.031,1980.666667
1980,9,-0.004,-0.018,-0.005,-0.031,1980.75
1980,10,-0.037,-0.018,-0.005,-0.031,1980.833333
1980,11,-0.068,-0.018,-0.005,-0.031,1980.916667
1980,12,0.004,-0.018,-0.005,-0.031,1981
1981,1,0.023,-0.018,-0.005,-0.03,1981.083333
1981,2,-0.034,-0.017,-0.005,-0.03,1981.166667
1981,3,-0.055,-0.017,-0.005,-0.03,1981.25
1981,4,-0.065,-0.017,-0.004,-0.03,1981.333333
1981,5,-0.029,-0.017,-0.004,-0.03,1981.416667
1981,6,-0.032,-0.017,-0.004,-0.029,1981.5
1981,7,-0.075,-0.017,-0.004,-0.029,1981.583333
1981,8,-0.046,-0.017,-0.004,-0.029,1981.666667
1981,9,-0.043,-0.016,-0.004,-0.029,1981.75
1981,10,0.031,-0.016,-0.004,-0.029,1981.833333
1981,11,0.091,-0.016,-0.004,-0.029,1981.916667
1981,12,0.025,-0.016,-0.004,-0.028,1982
1982,1,-0.092,-0.016,-0.003,-0.028,1982.083333
1982,2,-0.034,-0.016,-0.003,-0.028,1982.166667
1982,3,0.054,-0.016,-0.003,-0.028,1982.25
1982,4,0.075,-0.015,-0.003,-0.028,1982.333333
1982,5,-0.12,-0.015,-0.003,-0.028,1982.416667
1982,6,-0.011,-0.015,-0.003,-0.027,1982.5
1982,7,-0.02,-0.015,-0.003,-0.027,1982.583333
1982,8,-0.012,-0.015,-0.003,-0.027,1982.666667
1982,9,0.021,-0.015,-0.003,-0.027,1982.75
1982,10,0.074,-0.015,-0.002,-0.027,1982.833333
1982,11,0.148,-0.014,-0.002,-0.027,1982.916667
1982,12,0.129,-0.014,-0.002,-0.026,1983
1983,1,0.212,-0.014,-0.002,-0.026,1983.083333
1983,2,0.286,-0.014,-0.002,-0.026,1983.166667
1983,3,0.246,-0.014,-0.002,-0.026,1983.25
1983,4,0.066,-0.014,-0.002,-0.026,1983.333333
1983,5,0.041,-0.014,-0.002,-0.026,1983.416667
1983,6,0.041,-0.013,-0.002,-0.025,1983.5
1983,7,0.099,-0.013,-0.001,-0.025,1983.583333
1983,8,0.07,-0.013,-0.001,-0.025,1983.666667
1983,9,0.036,-0.013,-0.001,-0.025,1983.75
1983,10,0.01,-0.013,-0.001,-0.025,1983.833333
1983,11,0.212,-0.013,-0.001,-0.024,1983.916667
1983,12,0.004,-0.013,-0.001,-0.024,1984
1984,1,-0.141,-0.012,-0.001,-0.024,1984.083333
1984,2,0,-0.012,-0.001,-0.024,1984.166667
1984,3,-0.01,-0.012,-0.001,-0.024,1984.25
1984,4,0.008,-0.012,0,-0.024,1984.333333
1984,5,0.014,-0.012,0,-0.023,1984.416667
1984,6,-0.038,-0.012,0,-0.023,1984.5
1984,7,-0.05,-0.012,0,-0.023,1984.583333
1984,8,0,-0.011,0,-0.023,1984.666667
1984,9,0.013,-0.011,0,-0.023,1984.75
1984,10,0.033,-0.011,0,-0.023,1984.833333
1984,11,0.181,-0.011,0,-0.022,1984.916667
1984,12,-0.067,-0.011,0.001,-0.022,1985
1985,1,-0.154,-0.011,0.001,-0.022,1985.083333
1985,2,-0.224,-0.011,0.001,-0.022,1985.166667
1985,3,-0.148,-0.01,0.001,-0.022,1985.25
1985,4,-0.075,-0.01,0.001,-0.022,1985.333333
1985,5,-0.045,-0.01,0.001,-0.021,1985.416667
1985,6,0.001,-0.01,0.001,-0.021,1985.5
1985,7,-0.024,-0.01,0.001,-0.021,1985.583333
1985,8,-0.038,-0.01,0.001,-0.021,1985.666667
1985,9,0.002,-0.01,0.002,-0.021,1985.75
1985,10,-0.041,-0.009,0.002,-0.021,1985.833333
1985,11,-0.102,-0.009,0.002,-0.02,1985.916667
1985,12,-0.131,-0.009,0.002,-0.02,1986
1986,1,0.044,-0.009,0.002,-0.02,1986.083333
1986,2,0.13,-0.009,0.002,-0.02,1986.166667
1986,3,0.034,-0.009,0.002,-0.02,1986.25
1986,4,-0.087,-0.009,0.002,-0.02,1986.333333
1986,5,0.001,-0.008,0.003,-0.019,1986.416667
1986,6,-0.003,-0.008,0.003,-0.019,1986.5
1986,7,-0.039,-0.008,0.003,-0.019,1986.583333
1986,8,-0.044,-0.008,0.003,-0.019,1986.666667
1986,9,-0.023,-0.008,0.003,-0.019,1986.75
1986,10,-0.044,-0.008,0.003,-0.019,1986.833333
1986,11,-0.06,-0.008,0.003,-0.018,1986.916667
1986,12,-0.015,-0.007,0.003,-0.018,1987
1987,1,-0.029,-0.007,0.003,-0.018,1987.083333
1987,2,0.026,-0.007,0.004,-0.018,1987.166667
1987,3,0.053,-0.007,0.004,-0.018,1987.25
1987,4,-0.072,-0.007,0.004,-0.018,1987.333333
1987,5,0.019,-0.007,0.004,-0.017,1987.416667
1987,6,-0.045,-0.007,0.004,-0.017,1987.5
1987,7,0.031,-0.006,0.004,-0.017,1987.583333
1987,8,-0.044,-0.006,0.004,-0.017,1987.666667
1987,9,-0.041,-0.006,0.004,-0.017,1987.75
1987,10,-0.047,-0.006,0.005,-0.017,1987.833333
1987,11,-0.041,-0.006,0.005,-0.016,1987.916667
1987,12,0.006,-0.006,0.005,-0.016,1988
1988,1,-0.023,-0.006,0.005,-0.016,1988.083333
1988,2,-0.187,-0.005,0.005,-0.016,1988.166667
1988,3,-0.145,-0.005,0.005,-0.016,1988.25
1988,4,-0.017,-0.005,0.005,-0.016,1988.333333
1988,5,0.034,-0.005,0.005,-0.015,1988.416667
1988,6,-0.018,-0.005,0.006,-0.015,1988.5
1988,7,-0.054,-0.005,0.006,-0.015,1988.583333
1988,8,-0.059,-0.005,0.006,-0.015,1988.666667
1988,9,-0.102,-0.004,0.006,-0.015,1988.75
1988,10,-0.068,-0.004,0.006,-0.015,1988.833333
1988,11,0.023,-0.004,0.006,-0.014,1988.916667
1988,12,-0.171,-0.004,0.006,-0.014,1989
1989,1,-0.191,-0.004,0.006,-0.014,1989.083333
1989,2,-0.184,-0.004,0.007,-0.014,1989.166667
1989,3,0.068,-0.004,0.007,-0.014,1989.25
1989,4,0.001,-0.003,0.007,-0.014,1989.333333
1989,5,-0.012,-0.003,0.007,-0.014,1989.416667
1989,6,-0.018,-0.003,0.007,-0.013,1989.5
1989,7,-0.002,-0.003,0.007,-0.013,1989.583333
1989,8,-0.041,-0.003,0.007,-0.013,1989.666667
1989,9,-0.015,-0.003,0.007,-0.013,1989.75
1989,10,-0.043,-0.003,0.008,-0.013,1989.833333
1989,11,-0.113,-0.002,0.008,-0.013,1989.916667
1989,12,-0.166,-0.002,0.008,-0.012,1990
1990,1,-0.056,-0.002,0.008,-0.012,1990.083333
1990,2,-0.061,-0.002,0.008,-0.012,1990.166667
1990,3,-0.102,-0.002,0.008,-0.012,1990.25
1990,4,-0.031,-0.002,0.008,-0.012,1990.333333
1990,5,-0.016,-0.002,0.008,-0.012,1990.416667
1990,6,0.026,-0.001,0.009,-0.011,1990.5
1990,7,0.041,-0.001,0.009,-0.011,1990.583333
1990,8,0.064,-0.001,0.009,-0.011,1990.666667
1990,9,0.03,-0.001,0.009,-0.011,1990.75
1990,10,-0.043,-0.001,0.009,-0.011,1990.833333
1990,11,-0.068,-0.001,0.009,-0.011,1990.916667
1990,12,-0.151,-0.001,0.009,-0.011,1991
1991,1,-0.156,0,0.009,-0.01,1991.083333
1991,2,-0.009,0,0.01,-0.01,1991.166667
1991,3,0.008,0,0.01,-0.01,1991.25
1991,4,-0.058,0,0.01,-0.01,1991.333333
1991,5,-0.065,0,0.01,-0.01,1991.416667
1991,6,-0.084,0,0.01,-0.01,1991.5
1991,7,-0.053,0,0.01,-0.009,1991.583333
1991,8,0.025,0.001,0.01,-0.009,1991.666667
1991,9,-0.031,0.001,0.011,-0.009,1991.75
1991,10,-0.043,0.001,0.011,-0.009,1991.833333
1991,11,-0.074,0.001,0.011,-0.009,1991.916667
1991,12,-0.066,0.001,0.011,-0.009,1992
1992,1,0.036,0.001,0.011,-0.009,1992.083333
1992,2,0.192,0.001,0.011,-0.008,1992.166667
1992,3,0.066,0.002,0.011,-0.008,1992.25
1992,4,0.109,0.002,0.011,-0.008,1992.333333
1992,5,-0.007,0.002,0.012,-0.008,1992.416667
1992,6,0.011,0.002,0.012,-0.008,1992.5
1992,7,0.029,0.002,0.012,-0.008,1992.583333
1992,8,-0.006,0.002,0.012,-0.007,1992.666667
1992,9,-0.019,0.002,0.012,-0.007,1992.75
1992,10,0.022,0.003,0.012,-0.007,1992.833333
1992,11,-0.065,0.003,0.012,-0.007,1992.916667
1992,12,-0.017,0.003,0.013,-0.007,1993
1993,1,0.069,0.003,0.013,-0.007,1993.083333
1993,2,0.058,0.003,0.013,-0.007,1993.166667
1993,3,0.042,0.003,0.013,-0.006,1993.25
1993,4,0.14,0.003,0.013,-0.006,1993.333333
1993,5,0.185,0.004,0.013,-0.006,1993.416667
1993,6,0.099,0.004,0.013,-0.006,1993.5
1993,7,0.011,0.004,0.013,-0.006,1993.583333
1993,8,0.012,0.004,0.014,-0.006,1993.666667
1993,9,-0.009,0.004,0.014,-0.006,1993.75
1993,10,-0.006,0.004,0.014,-0.005,1993.833333
1993,11,-0.15,0.004,0.014,-0.005,1993.916667
1993,12,-0.032,0.005,0.014,-0.005,1994
1994,1,-0.037,0.005,0.014,-0.005,1994.083333
1994,2,0.027,0.005,0.014,-0.005,1994.166667
1994,3,-0.028,0.005,0.015,-0.005,1994.25
1994,4,-0.019,0.005,0.015,-0.004,1994.333333
1994,5,0.013,0.005,0.015,-0.004,1994.416667
1994,6,0.008,0.005,0.015,-0.004,1994.5
1994,7,-0.033,0.006,0.015,-0.004,1994.583333
1994,8,-0.005,0.006,0.015,-0.004,1994.666667
1994,9,-0.003,0.006,0.015,-0.004,1994.75
1994,10,-0.021,0.006,0.016,-0.004,1994.833333
1994,11,0.007,0.006,0.016,-0.003,1994.916667
1994,12,0.065,0.006,0.016,-0.003,1995
1995,1,0.22,0.006,0.016,-0.003,1995.083333
1995,2,0.038,0.007,0.016,-0.003,1995.166667
1995,3,0.156,0.007,0.016,-0.003,1995.25
1995,4,0.014,0.007,0.016,-0.003,1995.333333
1995,5,0.008,0.007,0.017,-0.003,1995.416667
1995,6,0.011,0.007,0.017,-0.002,1995.5
1995,7,0.051,0.007,0.017,-0.002,1995.583333
1995,8,0.003,0.007,0.017,-0.002,1995.666667
1995,9,0.025,0.008,0.017,-0.002,1995.75
1995,10,-0.041,0.008,0.017,-0.002,1995.833333
1995,11,-0.004,0.008,0.017,-0.002,1995.916667
1995,12,0.1,0.008,0.018,-0.002,1996
1996,1,0.02,0.008,0.018,-0.001,1996.083333
1996,2,0.157,0.008,0.018,-0.001,1996.166667
1996,3,-0.046,0.008,0.018,-0.001,1996.25
1996,4,0.106,0.009,0.018,-0.001,1996.333333
1996,5,0.007,0.009,0.018,-0.001,1996.416667
1996,6,-0.059,0.009,0.018,-0.001,1996.5
1996,7,-0.004,0.009,0.019,-0.001,1996.583333
1996,8,-0.021,0.009,0.019,0,1996.666667
1996,9,-0.011,0.009,0.019,0,1996.75
1996,10,-0.005,0.009,0.019,0,1996.833333
1996,11,-0.019,0.01,0.019,0,1996.916667
1996,12,0.14,0.01,0.019,0,1997
1997,1,0.067,0.01,0.019,0,1997.083333
1997,2,-0.084,0.01,0.02,0,1997.166667
1997,3,-0.012,0.01,0.02,0,1997.25
1997,4,-0.014,0.01,0.02,0.001,1997.333333
1997,5,0.104,0.01,0.02,0.001,1997.416667
1997,6,0.114,0.011,0.02,0.001,1997.5
1997,7,0.055,0.011,0.02,0.001,1997.583333
1997,8,0.127,0.011,0.021,0.001,1997.666667
1997,9,0.161,0.011,0.021,0.001,1997.75
1997,10,0.168,0.011,0.021,0.001,1997.833333
1997,11,0.23,0.011,0.021,0.002,1997.916667
1997,12,0.083,0.011,0.021,0.002,1998
1998,1,0.3,0.012,0.021,0.002,1998.083333
1998,2,0.327,0.012,0.021,0.002,1998.166667
1998,3,0.037,0.012,0.022,0.002,1998.25
1998,4,0.014,0.012,0.022,0.002,1998.333333
1998,5,0.09,0.012,0.022,0.002,1998.416667
1998,6,0.029,0.012,0.022,0.003,1998.5
1998,7,0.02,0.012,0.022,0.003,1998.583333
1998,8,-0.026,0.013,0.022,0.003,1998.666667
1998,9,-0.015,0.013,0.022,0.003,1998.75
1998,10,-0.018,0.013,0.023,0.003,1998.833333
1998,11,0.118,0.013,0.023,0.003,1998.916667
1998,12,-0.078,0.013,0.023,0.003,1999
1999,1,-0.034,0.013,0.023,0.003,1999.083333
1999,2,0.135,0.013,0.023,0.004,1999.166667
1999,3,0.095,0.014,0.023,0.004,1999.25
1999,4,-0.088,0.014,0.024,0.004,1999.333333
1999,5,-0.037,0.014,0.024,0.004,1999.416667
1999,6,-0.008,0.014,0.024,0.004,1999.5
1999,7,-0.011,0.014,0.024,0.004,1999.583333
1999,8,0.003,0.014,0.024,0.004,1999.666667
1999,9,-0.082,0.014,0.024,0.005,1999.75
1999,10,-0.092,0.015,0.024,0.005,1999.833333
1999,11,0.046,0.015,0.025,0.005,1999.916667
1999,12,-0.088,0.015,0.025,0.005,2000
2000,1,-0.012,0.015,0.025,0.005,2000.083333
2000,2,0.13,0.015,0.025,0.005,2000.166667
2000,3,-0.085,0.015,0.025,0.005,2000.25
2000,4,-0.005,0.015,0.025,0.005,2000.333333
2000,5,0.061,0.016,0.026,0.006,2000.416667
2000,6,0.022,0.016,0.026,0.006,2000.5
2000,7,0.005,0.016,0.026,0.006,2000.583333
2000,8,-0.043,0.016,0.026,0.006,2000.666667
2000,9,-0.028,0.016,0.026,0.006,2000.75
2000,10,-0.006,0.016,0.026,0.006,2000.833333
2000,11,-0.125,0.016,0.027,0.006,2000.916667
2000,12,-0.105,0.017,0.027,0.006,2001
2001,1,-0.073,0.017,0.027,0.007,2001.083333
2001,2,-0.1,0.017,0.027,0.007,2001.166667
2001,3,-0.1,0.017,0.027,0.007,2001.25
2001,4,-0.046,0.017,0.027,0.007,2001.333333
2001,5,-0.062,0.017,0.027,0.007,2001.416667
2001,6,-0.046,0.017,0.028,0.007,2001.5
2001,7,-0.052,0.018,0.028,0.007,2001.583333
2001,8,-0.012,0.018,0.028,0.007,2001.666667
2001,9,-0.034,0.018,0.028,0.008,2001.75
2001,10,-0.08,0.018,0.028,0.008,2001.833333
2001,11,0.062,0.018,0.028,0.008,2001.916667
2001,12,0.067,0.018,0.029,0.008,2002
2002,1,-0.004,0.018,0.029,0.008,2002.083333
2002,2,-0.045,0.019,0.029,0.008,2002.166667
2002,3,-0.067,0.019,0.029,0.008,2002.25
2002,4,-0.077,0.019,0.029,0.008,2002.333333
2002,5,-0.086,0.019,0.029,0.009,2002.416667
2002,6,-0.042,0.019,0.03,0.009,2002.5
2002,7,-0.011,0.019,0.03,0.009,2002.583333
2002,8,-0.04,0.019,0.03,0.009,2002.666667
2002,9,-0.005,0.02,0.03,0.009,2002.75
2002,10,-0.088,0.02,0.03,0.009,2002.833333
2002,11,0.048,0.02,0.03,0.009,2002.916667
2002,12,0.207,0.02,0.031,0.009,2003
2003,1,0.074,0.02,0.031,0.01,2003.083333
2003,2,-0.035,0.02,0.031,0.01,2003.166667
2003,3,0.044,0.02,0.031,0.01,2003.25
2003,4,0.147,0.021,0.031,0.01,2003.333333
2003,5,0.012,0.021,0.031,0.01,2003.416667
2003,6,-0.023,0.021,0.032,0.01,2003.5
2003,7,-0.008,0.021,0.032,0.01,2003.583333
2003,8,0.051,0.021,0.032,0.01,2003.666667
2003,9,-0.01,0.021,0.032,0.011,2003.75
2003,10,0.059,0.021,0.032,0.011,2003.833333
2003,11,0,0.022,0.032,0.011,2003.916667
2003,12,0.132,0.022,0.032,0.011,2004
2004,1,0.087,0.022,0.033,0.011,2004.083333
2004,2,0.084,0.022,0.033,0.011,2004.166667
2004,3,-0.052,0.022,0.033,0.011,2004.25
2004,4,0.005,0.022,0.033,0.011,2004.333333
2004,5,0.054,0.022,0.033,0.012,2004.416667
2004,6,0.034,0.023,0.033,0.012,2004.5
2004,7,0.039,0.023,0.034,0.012,2004.583333
2004,8,0.049,0.023,0.034,0.012,2004.666667
2004,9,0.039,0.023,0.034,0.012,2004.75
2004,10,0.059,0.023,0.034,0.012,2004.833333
2004,11,-0.099,0.023,0.034,0.012,2004.916667
2004,12,-0.022,0.023,0.034,0.012,2005
2005,1,0.058,0.024,0.035,0.012,2005.083333
2005,2,-0.038,0.024,0.035,0.013,2005.166667
2005,3,0.038,0.024,0.035,0.013,2005.25
2005,4,0.071,0.024,0.035,0.013,2005.333333
2005,5,0.159,0.024,0.035,0.013,2005.416667
2005,6,0.058,0.024,0.035,0.013,2005.5
2005,7,0.039,0.024,0.036,0.013,2005.583333
2005,8,-0.001,0.025,0.036,0.013,2005.666667
2005,9,-0.055,0.025,0.036,0.013,2005.75
2005,10,0.025,0.025,0.036,0.014,2005.833333
2005,11,-0.044,0.025,0.036,0.014,2005.916667
2005,12,0.051,0.025,0.037,0.014,2006
2006,1,0.147,0.025,0.037,0.014,2006.083333
2006,2,-0.074,0.025,0.037,0.014,2006.166667
2006,3,0.133,0.026,0.037,0.014,2006.25
2006,4,0.144,0.026,0.037,0.014,2006.333333
2006,5,0.022,0.026,0.037,0.014,2006.416667
2006,6,0.035,0.026,0.038,0.014,2006.5
2006,7,0.027,0.026,0.038,0.015,2006.583333
2006,8,0.006,0.026,0.038,0.015,2006.666667
2006,9,-0.014,0.026,0.038,0.015,2006.75
2006,10,-0.045,0.027,0.038,0.015,2006.833333
2006,11,0.111,0.027,0.038,0.015,2006.916667
2006,12,0.029,0.027,0.039,0.015,2007
2007,1,-0.136,0.027,0.039,0.015,2007.083333
2007,2,0.002,0.027,0.039,0.015,2007.166667
2007,3,-0.1,0.027,0.039,0.015,2007.25
2007,4,-0.022,0.027,0.039,0.016,2007.333333
2007,5,-0.059,0.028,0.039,0.016,2007.416667
2007,6,-0.017,0.028,0.04,0.016,2007.5
2007,7,0.054,0.028,0.04,0.016,2007.583333
2007,8,0.033,0.028,0.04,0.016,2007.666667
2007,9,-0.023,0.028,0.04,0.016,2007.75
2007,10,0.022,0.028,0.04,0.016,2007.833333
2007,11,-0.104,0.028,0.04,0.016,2007.916667
2007,12,-0.03,0.029,0.041,0.017,2008
2008,1,0.029,0.029,0.041,0.017,2008.083333
2008,2,-0.042,0.029,0.041,0.017,2008.166667
2008,3,-0.109,0.029,0.041,0.017,2008.25
2008,4,-0.047,0.029,0.041,0.017,2008.333333
2008,5,-0.031,0.029,0.041,0.017,2008.416667
2008,6,-0.022,0.029,0.042,0.017,2008.5
2008,7,0.05,0.03,0.042,0.017,2008.583333
2008,8,0.088,0.03,0.042,0.017,2008.666667
2008,9,-0.002,0.03,0.042,0.018,2008.75
2008,10,-0.054,0.03,0.042,0.018,2008.833333
2008,11,0.004,0.03,0.043,0.018,2008.916667
2008,12,-0.047,0.03,0.043,0.018,2009
2009,1,-0.139,0.03,0.043,0.018,2009.083333
2009,2,-0.011,0.031,0.043,0.018,2009.166667
2009,3,-0.025,0.031,0.043,0.018,2009.25
2009,4,-0.083,0.031,0.043,0.018,2009.333333
2009,5,0.022,0.031,0.044,0.018,2009.416667
2009,6,0.08,0.031,0.044,0.019,2009.5
2009,7,0.032,0.031,0.044,0.019,2009.583333
2009,8,0.043,0.031,0.044,0.019,2009.666667
2009,9,0.046,0.032,0.044,0.019,2009.75
2009,10,0.05,0.032,0.044,0.019,2009.833333
2009,11,0.036,0.032,0.045,0.019,2009.916667
2009,12,0.003,0.032,0.045,0.019,2010
2010,1,0.236,0.032,0.045,0.019,2010.083333
2010,2,0.131,0.032,0.045,0.019,2010.166667
2010,3,0.057,0.032,0.045,0.02,2010.25
2010,4,0.142,0.033,0.045,0.02,2010.333333
2010,5,0.03,0.033,0.046,0.02,2010.416667
2010,6,0.022,0.033,0.046,0.02,2010.5
2010,7,-0.036,0.033,0.046,0.02,2010.583333
2010,8,-0.011,0.033,0.046,0.02,2010.666667
2010,9,0,0.033,0.046,0.02,2010.75
2010,10,0.024,0.033,0.047,0.02,2010.833333
2010,11,0.001,0.034,0.047,0.02,2010.916667
2010,12,0.164,0.034,0.047,0.021,2011
2011,1,-0.056,0.034,0.047,0.021,2011.083333
2011,2,-0.057,0.034,0.047,0.021,2011.166667
2011,3,0.199,0.034,0.047,0.021,2011.25
2011,4,0.062,0.034,0.048,0.021,2011.333333
2011,5,0.059,0.034,0.048,0.021,2011.416667
2011,6,0.064,0.035,0.048,0.021,2011.5
2011,7,0.043,0.035,0.048,0.021,2011.583333
2011,8,-0.002,0.035,0.048,0.021,2011.666667
2011,9,0.003,0.035,0.048,0.022,2011.75
2011,10,0.028,0.035,0.049,0.022,2011.833333
2011,11,0.005,0.035,0.049,0.022,2011.916667
2011,12,-0.209,0.035,0.049,0.022,2012
2012,1,-0.004,0.036,0.049,0.022,2012.083333
2012,2,-0.051,0.036,0.049,0.022,2012.166667
2012,3,0.136,0.036,0.05,0.022,2012.25
2012,4,0.167,0.036,0.05,0.022,2012.333333
2012,5,0.013,0.036,0.05,0.022,2012.416667
2012,6,0.065,0.036,0.05,0.022,2012.5
2012,7,0.047,0.036,0.05,0.023,2012.583333
2012,8,0.032,0.037,0.05,0.023,2012.666667
2012,9,-0.01,0.037,0.051,0.023,2012.75
2012,10,0.063,0.037,0.051,0.023,2012.833333
2012,11,0.138,0.037,0.051,0.023,2012.916667
2012,12,0.186,0.037,0.051,0.023,2013
2013,1,-0.12,0.037,0.051,0.023,2013.083333
2013,2,-0.167,0.037,0.051,0.023,2013.166667
2013,3,-0.104,0.038,0.052,0.023,2013.25
2013,4,-0.062,0.038,0.052,0.024,2013.333333
2013,5,-0.002,0.038,0.052,0.024,2013.416667
2013,6,0.043,0.038,0.052,0.024,2013.5
2013,7,-0.002,0.038,0.052,0.024,2013.583333
2013,8,0.046,0.038,0.053,0.024,2013.666667
2013,9,0.129,0.038,0.053,0.024,2013.75
2013,10,-0.002,0.039,0.053,0.024,2013.833333
2013,11,-0.058,0.039,0.053,0.024,2013.916667
2013,12,-0.208,0.039,0.053,0.024,2014
2014,1,-0.106,0.039,0.053,0.025,2014.083333
2014,2,0.018,0.039,0.054,0.025,2014.166667
2014,3,0.057,0.039,0.054,0.025,2014.25
2014,4,0.091,0.039,0.054,0.025,2014.333333
2014,5,0.121,0.04,0.054,0.025,2014.416667
2014,6,0.033,0.04,0.054,0.025,2014.5
2014,7,0.09,0.04,0.055,0.025,2014.583333
2014,8,0.058,0.04,0.055,0.025,2014.666667
2014,9,0.137,0.04,0.055,0.025,2014.75
2014,10,0.217,0.04,0.055,0.025,2014.833333
2014,11,0.086,0.04,0.055,0.026,2014.916667
2014,12,0.207,0.041,0.055,0.026,2015
2015,1,0.01,0.041,0.056,0.026,2015.083333
2015,2,0.069,0.041,0.056,0.026,2015.166667
2015,3,0.021,0.041,0.056,0.026,2015.25
2015,4,0.034,0.041,0.056,0.026,2015.333333
2015,5,0.054,0.041,0.056,0.026,2015.416667
2015,6,0.061,0.041,0.057,0.026,2015.5
2015,7,0.159,0.042,0.057,0.026,2015.583333
2015,8,0.118,0.042,0.057,0.027,2015.666667
2015,9,0.131,0.042,0.057,0.027,2015.75
2015,10,0.159,0.042,0.057,0.027,2015.833333
2015,11,0.054,0.042,0.057,0.027,2015.916667
2015,12,0.269,0.042,0.058,0.027,2016
2016,1,0.218,0.042,0.058,0.027,2016.083333
2016,2,0.086,0.043,0.058,0.027,2016.166667
2016,3,0.214,0.043,0.058,0.027,2016.25
2016,4,0.049,0.043,0.058,0.027,2016.333333
2016,5,0.016,0.043,0.059,0.027,2016.416667
2016,6,0.045,0.043,0.059,0.028,2016.5
2016,7,0.022,0.043,0.059,0.028,2016.583333
2016,8,0.047,0.043,0.059,0.028,2016.666667
2016,9,0.017,0.044,0.059,0.028,2016.75
2016,10,0.225,0.044,0.059,0.028,2016.833333
2016,11,0.245,0.044,0.06,0.028,2016.916667
2016,12,-0.006,0.044,0.06,0.028,2017
2017,1,0.116,0.044,0.06,0.028,2017.083333
2017,2,0.231,0.044,0.06,0.028,2017.166667
2017,3,0.145,0.044,0.06,0.029,2017.25
2017,4,0.181,0.045,0.061,0.029,2017.333333
2017,5,0.068,0.045,0.061,0.029,2017.416667
2017,6,0.1,0.045,0.061,0.029,2017.5
2017,7,0.027,0.045,0.061,0.029,2017.583333
2017,8,0.078,0.045,0.061,0.029,2017.666667
2017,9,0.075,0.045,0.061,0.029,2017.75
2017,10,0.014,0.045,0.062,0.029,2017.833333
2017,11,0.128,0.046,0.062,0.029,2017.916667
2017,12,-0.093,0.046,0.062,0.029,2018
2018,1,0.069,0.046,0.062,0.03,2018.083333
2018,2,-0.128,0.046,0.062,0.03,2018.166667
2018,3,0.074,0.046,0.063,0.03,2018.25
2018,4,0.07,0.046,0.063,0.03,2018.333333
2018,5,0.041,0.046,0.063,0.03,2018.416667
2018,6,0.042,0.047,0.063,0.03,2018.5
2018,7,0.036,0.047,0.063,0.03,2018.583333
2018,8,0.064,0.047,0.063,0.03,2018.666667
2018,9,0.032,0.047,0.064,0.03,2018.75
2018,10,0.072,0.047,0.064,0.03,2018.833333
2018,11,-0.005,0.047,0.064,0.031,2018.916667
2018,12,0.055,0.047,0.064,0.031,2019
2019,1,0.098,0.048,0.064,0.031,2019.083333
2019,2,0.118,0.048,0.065,0.031,2019.166667
2019,3,0.037,0.048,0.065,0.031,2019.25
2019,4,0.094,0.048,0.065,0.031,2019.333333
2019,5,0.112,0.048,0.065,0.031,2019.416667
2019,6,0.02,0.048,0.065,0.031,2019.5
2019,7,0.087,0.048,0.065,0.031,2019.583333
2019,8,0.074,0.049,0.066,0.032,2019.666667
2019,9,0.133,0.049,0.066,0.032,2019.75
2019,10,0.01,0.049,0.066,0.032,2019.833333
2019,11,-0.014,0.049,0.066,0.032,2019.916667
2019,12,0.095,0.049,0.066,0.032,2020
2020,1,0.117,0.049,0.067,0.032,2020.083333
2020,2,-0.098,0.049,0.067,0.032,2020.166667
2020,3,-0.023,0.05,0.067,0.032,2020.25
2020,4,0.025,0.05,0.067,0.032,2020.333333
2020,5,0.166,0.05,0.067,0.032,2020.416667
2020,6,0.076,0.05,0.067,0.033,2020.5
2020,7,0.068,0.05,0.068,0.033,2020.583333
2020,8,0.047,0.05,0.068,0.033,2020.666667
2020,9,0.108,0.05,0.068,0.033,2020.75
2020,10,0.018,0.051,0.068,0.033,2020.833333
2020,11,0.015,0.051,0.068,0.033,2020.916667
2020,12,-0.002,0.051,0.069,0.033,2021
2021,1,0.1,0.051,0.069,0.033,2021.083333
2021,2,-0.019,0.051,0.069,0.033,2021.166667
2021,3,-0.024,0.051,0.069,0.033,2021.25
2021,4,-0.032,0.051,0.069,0.034,2021.333333
2021,5,-0.005,0.052,0.069,0.034,2021.416667
2021,6,0.121,0.052,0.07,0.034,2021.5
2021,7,0.065,0.052,0.07,0.034,2021.583333
2021,8,0.059,0.052,0.07,0.034,2021.666667
2021,9,0.036,0.052,0.07,0.034,2021.75
2021,10,0.112,0.052,0.07,0.034,2021.833333
2021,11,0.05,0.052,0.071,0.034,2021.916667
2021,12,0.11,0.053,0.071,0.034,2022
2022,1,0.021,0.053,0.071,0.034,2022.083333
2022,2,-0.177,0.053,0.071,0.035,2022.166667
2022,3,-0.042,0.053,0.071,0.035,2022.25
2022,4,0.051,0.053,0.071,0.035,2022.333333
2022,5,0.096,0.053,0.072,0.035,2022.416667
2022,6,0.136,0.053,0.072,0.035,2022.5
2022,7,0.087,0.054,0.072,0.035,2022.583333
2022,8,0.087,0.054,0.072,0.035,2022.666667
2022,9,0.09,0.054,0.072,0.035,2022.75
2022,10,0.022,0.054,0.073,0.035,2022.833333
2022,11,-0.017,0.054,0.073,0.035,2022.916667
2022,12,0.096,0.054,0.073,0.036,2023
2023,1,0.142,0.054,0.073,0.036,2023.083333
2023,2,-0.066,0.055,0.073,0.036,2023.166667
2023,3,0.075,0.055,0.074,0.036,2023.25
2023,4,0.119,0.055,0.074,0.036,2023.333333
2023,5,0.119,0.055,0.074,0.036,2023.416667
2023,6,0.042,0.055,0.074,0.036,2023.5
2023,7,0.058,0.055,0.074,0.036,2023.583333
2023,8,0.098,0.055,0.074,0.036,2023.666667
2023,9,0.095,0.056,0.075,0.037,2023.75
2023,10,0.116,0.056,0.075,0.037,2023.833333
2023,11,0.074,0.056,0.075,0.037,2023.916667